Water Temperature (°C),Depth Pressure (kPa),Temp-Pressure Index,Fish Activity Metric,Catch Density Metric,Catch Quality Rating
27.02646876,110.2376273,29.79333789,74.38264587,1974.082242,0.08532339848242074
14.71134401,248.5189865,36.56048303,36.99131603,318.3265041000001,0.10179227119696026
25.1636694,198.6198329,49.98003812,71.156546,1593.349908,0.0936961824457526
22.67650226,233.0122699,52.83903266,64.07371096,1166.025319,0.10047494284431627
29.10252069,168.9689467,49.17422268,89.5198198,2464.828968,0.07572307275732876
15.20493155,105.0726901,15.9762306,24.27902522,351.5116859,0.10311718153592374
13.08555555,240.8862758,31.52130744,31.10089112,224.00824999999998,0.09922294403851127
16.24242031,95.83129047,15.56532098,27.26170145,428.492205,0.10397068919500863
15.15917556,129.4228068,19.6194305,25.14792642,348.3420195,0.10294788025216284
25.13665521,108.6775614,27.3179039,64.4687138,1588.251356,0.0927671650833626
24.66218608,178.6918098,44.06930665,66.52810802,1499.97999,0.09506174671575762
23.39369802,133.6019452,31.2544356,57.11123591,1280.237615,0.09811252481800815
14.32758229,241.4216417,34.58988437,34.59907915,294.0577721000001,0.10128683285394507
27.23613615,243.4840157,66.31563803,88.61553107,2020.336666,0.08634587564989708
29.13143112,69.3828036,20.21220364,85.19803487,2472.205769,0.07379286110607014
20.63211636,235.6666185,48.62301096,55.65705316,878.2211088,0.10341154762122245
22.98745461,209.599203,48.18152167,62.05038266,1214.666201,0.0996630811575876
20.01384198,192.4674872,38.52013876,47.18510141,801.6251438,0.10377441738268386
15.6711543,122.5571963,19.20612734,26.39934945,384.8451435999999,0.10345746043387458
15.72295208,185.911448,29.23076788,31.14679195,388.65445680000005,0.10324247690324252
16.26841045,212.1332868,34.51071381,36.0122285,430.5166682,0.10361702769313122
13.81700008,216.0849492,29.85645761,29.18053998,263.73295300000007,0.1006664886026479
28.03847265,211.1551237,59.20467161,88.03025989,2204.21662,0.08209012828983166
27.16796268,114.004718,30.97275924,75.29154758,2005.249428,0.08473601850933982
19.23278723,87.0025984,16.73302463,37.64857245,711.413431,0.1040526204323772
17.34502825,158.7550701,27.53611176,34.08613189,521.7999805,0.10431214257343464
28.78156713,100.8452042,29.02483014,83.86343169,2384.193278,0.0763405042621275
14.44746938,206.9970365,29.90583347,29.74229921,301.5182728,0.10166277685191245
21.07083919,58.9339973,12.417887799999999,44.60271692,935.5002017,0.10212636636437794
11.08996311,135.0817095,14.98051176,14.763573350000001,136.37419480000005,0.09621049991390439
13.82404394,205.7176058,28.43849222,27.81633331,264.14095340000006,0.10074959058867765
22.08053867,66.11182082,14.59784616,49.04397853,1076.532707,0.10047856276704185
23.24367306,187.3958291,43.55767383,60.60764992,1255.746942,0.0989173755623992
21.61991637,96.2126513,20.80109475,47.63270682,1010.550569,0.10146584549097974
27.39202832,75.47877856,20.6751684,75.46232762,2055.28178,0.08312547041329559
29.86810442,111.5773709,33.32604565,90.5994497,2664.532081,0.07009795976423373
25.27723684,53.86724960000001,13.61615226,64.05017579,1615.057589,0.09166011628461568
19.30183568,176.0044995,33.97209928,42.70828021,719.079874,0.10416306088653779
26.67869339,116.5817766,31.10249472,72.75976723,1898.8495629999998,0.08693790338032524
12.40774788,248.7422399,30.86331001,30.78557521,190.95814499999994,0.0978344947645871
23.66541393,69.56786939,16.46352425,56.34186846,1325.380966,0.09686814167448883
20.36675575,228.9768552,46.63515681,53.48582213,844.7702514,0.10362158183478085
13.561317729999999,149.5915497,20.28658535,21.73843846,249.38291949999996,0.10074773500879095
29.45867235,73.54014382,21.66395001,87.17905397,2556.457583,0.07191688841804149
16.7687484,221.2234682,37.09640678,38.94572963,471.47304369999995,0.10394191600407664
22.30846812,72.20911273,16.10874689,50.14328456,1110.215299,0.10007131621194218
27.57188475,179.1718562,49.40105768,81.77275706,2096.006919,0.08383472784281966
20.13377688,99.04351252,19.94119982,41.5084761,816.1510327,0.10339149566242317
12.302757,139.8235088,17.20214653,17.869418389999996,186.19230959999982,0.09865133888175555
26.37478169,164.6039846,43.41394159,74.02276891,1834.679494,0.0888497083998777
17.06427534,233.9350919,39.9193282,41.92119393,496.83904270000005,0.10408666014320112
29.66133738,106.9027521,31.70878597,89.20119937,2609.5780109999996,0.07129282903857055
27.67650893,127.5389693,35.29833423,78.67348759,2119.974279,0.0825406035161158
27.06898667,89.91915416,24.34020385,74.00004113,1983.417881,0.08484115175560356
17.12506355,118.7243271,20.33161646,31.00025486,502.20887849999997,0.10431195253488734
25.14259556,75.16236558,18.89776959,63.63963199,1589.383809,0.09237365951172057
29.72658126,159.6166792,47.44858186,92.43359478,2626.8222389999996,0.07187877616440815
20.52643224,161.8463228,33.22127577,46.3728822,864.8230489,0.10321661120118053
19.4146431,174.6746272,33.91245546,43.02237359,731.76246,0.10410530650474263
10.29331642,96.07047593,9.888838072999999,11.481922239999996,109.05089009999995,0.09489014028077464
24.00407537,136.4711306,32.75863305,60.16125222,1383.08572,0.09654856410193201
27.16955137,58.28581749,15.83599513,74.01646288,2005.610831,0.0839243203864657
14.94914372,58.051337520000004,8.678177878,22.543320359999996,334.0754567,0.10311912454920064
16.30049154,111.8925717,18.23903918,27.97149159,433.1013606,0.10395193073541302
20.01354043,147.8285902,29.58573467,43.2847214,801.6040982,0.10364079918893956
11.44160315,188.5948036,21.57826899,19.79896823,149.74678210000013,0.09637915419313385
11.79284952,201.734693,23.79026878,22.117103860000004,163.96399429999997,0.09700192982718951
18.42221518,130.356196,24.01449893,36.15290987,625.1924837000001,0.10439484334705823
15.22437905,201.1212843,30.61946668,31.31348165,352.8328229,0.10266659555016681
18.12074605,195.5208021,35.42982803,40.31058806,594.9771937,0.1044214297627042
19.08772596,176.4948341,33.68885027,41.93201759,695.4135051,0.1042534902537807
29.52546793,78.32595223,23.12610391,87.65585185,2573.886148,0.07159795607972516
28.8851964,107.4487977,31.03679625,84.67597972,2410.038021,0.07587248190952671
12.79460303,156.7753504,20.05878373,20.22349126,209.42546149999998,0.09940240916847205
27.65171947,212.7863867,58.83909474,86.09631088,2114.253832,0.08398098131380914
11.60413325,130.6627634,15.16228117,15.696364539999998,156.2394376000001,0.09735881197708406
20.15270939,243.4132493,49.05436476,55.03540703,818.4061544,0.10384241892026803
13.278198,183.0801139,24.30974003,23.76759355,234.07511060000013,0.10002553740010728
17.31784291,112.6111274,19.50181814,31.41881996,519.3627327,0.10437472316782838
24.86680451,162.286816,40.35554529,66.10994627,1537.632331,0.09424840022162226
18.49010959,125.0147363,23.11536174,36.1422311,632.131916,0.10438013055592103
26.13902575,232.3962289,60.74611011,80.87612393,1785.891443,0.09067298974971712
24.37631422,59.669438799999995,14.5452099,59.63291907,1448.448475,0.09472368661681749
28.85678892,95.78310701,27.63992901,84.15017958,2402.936809,0.07583146530358205
20.68312041,69.31330619,14.336154580000002,43.1121513,884.8014441,0.10268885280445696
26.04295908,211.1239384,54.98292088,77.23406607,1766.281931,0.09075484732099348
16.45814213,88.21588049,14.51869499,27.77354388,445.7946416,0.10411437321884401
16.9149169,198.5694762,33.58786189,36.44100343,483.9207235,0.104070093967334
18.01020927,162.3192988,29.23404541,36.71348042,584.1665566,0.10442120288066241
18.21831469,216.043197,39.3594295,43.27444241,604.6319243999999,0.10442918473283928
12.06506441,248.9897585,30.04077475,29.99292207,175.5640545,0.09711382485693772
20.38197879,80.84735731,16.47829122,42.07094812,846.7119382,0.10308124140364405
11.93606439,80.08346629,9.558814099,14.760567529999996,170.0462579,0.0985579497462717
27.79524272,177.2431067,49.2651517,82.82566503,2147.360988,0.08273742680790584
11.23689566,57.260874599999994,6.434344735,12.814529819999997,141.88255779999997,0.09743243484874933
18.99388861,213.48359,40.54883528,45.80634698,685.1927737,0.10433988465333889
15.69388133,125.3278584,19.66880536,26.59832482,386.52131180000003,0.10346475920556601
13.09738831,129.7869446,16.99870011,19.34037385,224.6578247,0.10015918401712089
25.67673382,164.4091626,42.21490304,70.3735069,1692.826318,0.09151704527771108
24.29864798,118.4190782,28.77423494,60.70302934,1434.637184,0.09553452438807969
12.9189578,110.047048,14.216931690000001,18.02265565,215.6046116,0.10003105625000523
22.65531282,90.99384377,20.61493995,52.07973798,1162.805554,0.0994786873034453
25.85110335,193.7642941,50.09020791,74.10275766,1727.538812,0.09124522804173728
25.46664441,203.7225122,51.88128775,73.31006504,1651.597663,0.09273705763390484
11.84559195,171.6205328,20.32946802,19.08664865,166.18558129999997,0.09742384596717904
23.71025438,97.20676027,23.04797014,57.13613795,1332.924534,0.09698940793281273
24.32047842,188.9517886,45.95397898,65.89467089,1438.485746,0.09617375002036596
27.24332534,81.57178123,22.22286575,74.76265256,2021.9896169999997,0.08391675864798794
20.16088678,225.6564923,45.49434993,52.13675654,819.4112162,0.10377354189065512
19.22188001,139.2652117,26.76939188,39.64908791,710.1919174,0.10413799891557504
29.3023265,145.1722548,42.53884808,88.9221367,2515.953855,0.0741446378172797
25.93024511,90.82963809,23.55234779,67.98710779,1743.483378,0.08965826767105417
21.17461982,173.1022242,36.65373787,50.02335327,949.3648699,0.1025137423172805
16.61234143,247.009777,41.03410751,42.66800129,458.38958590000004,0.10378367555748437
26.90475992,167.820097,45.1515942,77.1130262,1947.516217,0.08668075191987486
19.10872779,180.4690309,34.48533586,42.39205647,697.7101629,0.10425173008051022
11.85370384,107.6978332,12.766182189999999,15.300197609999998,166.54514329999995,0.09810846579668504
19.09808545,115.1702816,21.9953188,38.00132773,696.5643232,0.10416296875719655
27.43936792,89.27111801000001,24.49543052,76.00332242,2065.953935,0.08310404366956356
18.96564294,152.9203344,29.0023246,39.54554644,682.1624698,0.10426616243328489
10.28698295,79.59491533,8.187915373,11.086463520000002,108.85259450000001,0.09509209792387519
22.22970648,173.6962552,38.6121677,54.65646861,1098.472672,0.10088370027895176
29.91660007,143.0620448,42.79929981,92.42831088,2677.524094,0.070392468867379
26.34497168,174.8623786,46.06744412,74.75249426,1828.462028,0.0891062945079115
22.34475893,64.14416992,14.33286014,50.19274473,1115.643448,0.09994567862537772
28.28797774,226.8114144,64.16036241,91.68892277,2263.57993,0.08110019227321576
26.27163363,125.7162756,33.02771935,71.00676656,1813.249022,0.08875111143004898
19.97278705,91.38627174,18.25238545,40.65443021,796.7305364,0.10351801647306179
21.82440571,150.1567429,32.77081677,51.01605966,1039.484121,0.10143431154175676
24.62585618,235.9641793,58.10819945,73.78155098,1493.336995,0.0957849624524466
26.92852328,188.8572293,50.85646297,79.25051743,1952.6737199999998,0.08687920734222905
11.16352805,118.017344,13.1748993,14.106192450000002,139.1108240000001,0.09657021391543168
25.49607714,110.7687095,28.24167562,66.36409458,1657.360097,0.091527932936117
18.9500688,182.2573114,34.5378859,41.96468447,680.4734316,0.1043083720809813
23.21597121,67.7609313,15.7313583,54.20925919,1251.292887,0.0980122203816443
25.29266022,123.0820365,31.13072128,65.83645897,1618.003524,0.09239219828347764
20.7900385,145.7355567,30.29847835,46.31782608,898.5776573,0.10286385259138321
13.170297009999999,202.1034954,26.61763062,25.60075591,228.40681069999994,0.09968674571189846
18.19053663,115.1034627,20.93793755,34.61454587,601.9036460999998,0.104426836761091
11.53745988,208.4303657,24.04756981,22.366183719999995,153.53512379999995,0.09637639614029309
23.78601382,206.5374981,49.12703785,65.38786787,1345.70924,0.09778079911599154
29.07412364,53.89264208,15.66881339,84.68699324,2457.646331,0.07385641006646139
25.90505624,88.08262479000001,22.81785349,67.79058724,1738.407874,0.08972208462529865
17.79572846,180.6788557,32.15311854,37.56702907,563.5366337999999,0.10439176950377953
21.68582992,149.2084121,32.35708247,50.34937123,1019.808579,0.10165211386828837
16.08401352,55.52726430999999,8.931012697,26.04075502,416.08309380000003,0.10402089842771921
20.82091199,121.9297762,25.38689139,45.16375179,902.593272,0.1027279588370911
16.01453812,175.1547199,28.05021939,31.02014557,410.68686289999994,0.10353529471180078
24.76649514,248.337268,61.50443739000001,76.65323478,1519.063827,0.09550507276687219
15.18683016,91.37489904,13.87695073,23.82690407,350.2604133,0.10316973703780662
29.28040781,80.54380133,23.58355349,86.25674026,2510.326676,0.0731123702178606
23.23897464,122.8736924,28.55458622,55.86013441,1255.005594,0.09839813677766178
11.37555695,160.1825258,18.22165446,17.05036358,147.17779789999997,0.09654848690124147
10.21555527,182.8998636,18.68423666,16.55418905,106.5735995,0.09356926166442359
29.94092688,122.1629514,36.57671996,91.4690441,2684.066721,0.0698414471989234
14.41011156,95.68832766,13.78879477,21.64127836,299.2187057,0.10230336526459906
16.25125497,51.04488608,8.295434586000002,26.54333036,429.1983817,0.10412963666463967
14.168280280000001,86.68939981,12.28239714,20.72549197,284.40677889999995,0.10206236476209415
28.56203545,70.01271289,19.99705587,81.92217381,2330.057014,0.07703614717282084
23.04025719,98.42197309,22.67667573,54.03874747,1223.090319,0.09867306317015695
20.08772647,114.5148945,23.00343878,41.85338499,810.560306,0.10347975285864126
21.15301629,65.74768028,13.90761752,45.02922109,946.4875988,0.10203767962540788
16.35745695,131.1691918,21.45594407,29.01345253,437.65337779999993,0.1039249930740773
22.28350005,83.52521595,18.61234154,50.23814791,1106.489966,0.1001940224471601
18.39200727,166.2735103,30.58103611,38.42353697,622.1113,0.10440946465873105
13.98456293,125.575483,17.56118244,21.53702518,273.47753150000005,0.10154857027852429
23.13210199,177.9304131,41.15904465,59.14255448,1237.753569,0.09909192419914026
17.47681139,205.2308775,35.86781336,39.18815929,533.767748,0.10429651949551563
25.70132758,66.94059896,17.20462263,66.3557877,1697.717889,0.09024679020486119
18.30789915,126.4957353,23.15871165,35.54199703,613.6266454,0.10441197400770547
20.1654275,245.555036,49.51722277,55.47074634,819.9556531,0.10384093263607924
25.74932958,50.46191920999999,12.993605890000001,66.4312939,1707.250036,0.08986492808686693
18.95756186,141.7822014,26.87844853,38.78904828,681.2941051,0.10425586735630289
29.3244227,143.7819112,42.1632154,88.96461435,2521.650265,0.0739901629294278
25.86057334,214.7443115,55.53411018,76.77988492,1729.429518,0.09147690258139875
26.52860811,108.0453814,28.6629358,71.63800546,1866.984348,0.08745887461755315
29.07840933,205.2061299,59.67067844,93.19652791,2458.694101,0.07650782607339764
17.77701258,50.44004451000001,8.966733057000003,31.73054708,561.7904758,0.1044965978049913
21.60160528,148.1500036,32.002779,49.91459411,1007.972357,0.10177758221173987
23.87183482,113.8640977,27.18144931,58.4627015,1360.35815,0.09670236184306123
23.46916967,211.6311059,49.66806333,64.55866828,1292.641596,0.09860198205298427
29.05873589,130.5894558,37.94764505,86.66803428,2453.732046,0.07529161190574427
15.76697268,63.975683919999994,10.0870286,25.12158806,391.9587917,0.10378134885863073
15.82723057,191.677393,30.33722294,32.09239292,396.4373286,0.1033154279334688
28.36008804,52.64459751,14.9300542,80.57536143,2280.983777,0.0778497827545281
25.98611283,116.8833079,30.37342828,69.12463161,1754.771525,0.08976678979796235
14.06713248,149.6659996,21.05371444,23.14092676,278.34394869999994,0.10149775865132221
21.40093756,198.3484822,42.44843484,53.60346272,980.1238733,0.10234223340174915
24.91527468,112.6127826,28.05778411,63.50520588,1546.655098,0.0935526198035868
17.06072781,70.81949089,12.082320579999998,29.46203143,496.5789162,0.10439007335347933
18.68764502,215.0513074,40.18802494,44.8682994,652.5787857,0.10440584426506863
21.50793223,51.96453242999999,11.17649642,46.39943538,994.935208,0.10141755573802148
19.34217115,224.6262265,43.44758918,48.74591088,723.5780471,0.10424288988929077
25.0608478,71.29950783,17.86826114,63.16706884,1573.93167,0.09261352244328439
10.11877507,75.14019091,7.603266907999998,10.66320605,103.60009630000002,0.09476189747943453
18.69265049,83.24577287,15.56084137,35.51839967,653.1426579,0.10430297146513352
16.75162751,79.6686019,13.345787429999998,28.56736589,470.07283889999997,0.10426970897092801
22.18328106,208.9558103,46.35325469,58.33333532,1091.591069,0.10120069651688868
25.51916884,212.1962729,54.15072515,74.67741419,1661.834645,0.0926584371021008
11.52290324,83.89359731,9.666978046,13.86818444,152.9909590000001,0.09770841347889143
13.16119467,72.50352413,9.542329955,17.70283822,227.96906849999993,0.10074714593112614
23.30163248,164.496126,38.33028273,58.74770428,1265.172537,0.09859191911480772
24.76804882,189.9413915,47.04477657,68.19827889,1519.375338,0.09485834050616046
21.76403554,161.8079715,35.21594443,51.60375143,1030.877948,0.10160026342800371
29.65606698,55.537973300000004,16.47037856,88.11953589,2608.195541,0.07037541106571334
19.98922978,203.2176505,40.62164312,48.34929407,798.6669723,0.10382567836914867
12.725846700000002,192.8380432,24.54027376,23.36569142,206.05430490000003,0.09895775950519307
23.72582121,193.451915,45.89805548,63.53113469,1335.523673,0.09781196584063462
22.04151044,91.44264579,20.15534032,49.34743949,1070.830334,0.10070549899210406
21.8084295,64.05654154,13.9697257,47.82359912,1037.221372,0.10096726049816332
20.9170727,249.4568846,52.17907792,59.27577999,915.1097578,0.10318928612983573
28.78191419,145.5594465,41.89479499,85.92390686,2384.26851,0.07710605634235022
12.58312794,195.2485485,24.56837465,23.27677519,199.1969709,0.09866609767441281
11.46394597,69.28347568,7.942620219000002,13.474780259999996,150.6567361,0.09775371489614026
13.08234339,150.9864528,19.75256622,20.55679526,223.87851239999986,0.09995520144766602
14.8998042,150.8193317,22.47178512,25.63102404,330.75911269999995,0.10255405521874643
21.85892639,74.57160268,16.30055174,48.1959533,1044.441622,0.10093712599942115
22.24850498,120.3215289,26.76974136,51.24152469,1101.277562,0.10049938282995133
14.65203755,228.2926677,33.4495274,33.36627316,314.50105440000004,0.10182066863529587
19.78450999,188.0429852,37.20338319,45.79191439,774.3834532,0.10392155347143227
19.64123706,196.33416,38.56245778,46.14593227,757.677547,0.10403098706468131
19.06221533,225.6577583,43.01536779,47.82761968,692.6090857,0.10434055095239302
26.0709059,112.0571198,29.21430625,69.37629206,1772.006411,0.08937445872752961
19.4338614,207.9889405,40.42028243,46.76497353,733.9250403,0.10416666974493115
25.16730992,69.30774451,17.44289486,63.672273,1594.076219,0.09222242083496199
13.32962264,165.5097464,22.06182462,22.301771249999998,236.81179480000003,0.10025143681866128
20.63934688,156.8296153,32.36860831,46.4555712,879.1757511,0.10307841270706283
26.48209552,136.23844,36.07879382,72.65884809,1857.174461,0.08803172382474475
13.55433168,91.83383108,12.44746206,19.14646698,249.01162239999996,0.10118315082042569
19.29844337,135.5053029,26.15041414,39.73109764,718.7134041,0.10409280073083413
22.18158632,218.8566279,48.54587183,59.68512086,1091.33666,0.10127032895804323
13.6954915,196.1406748,26.86242944,26.30240886,256.8430521,0.1006138025414071
25.13531212,138.1206466,34.71705561,65.81336234,1587.989513,0.09310164324853752
11.57992496,243.5177362,28.19917111,27.85028416,155.2213114,0.09610086838573767
28.92831018,207.0583831,59.898491320000005,92.56196307,2420.814461,0.0773744128010193
19.36442988,58.852123559999995,11.396378199999997,37.70195307,726.126145,0.10392600311398974
16.72246173,200.1473047,33.46955643,35.98176221,467.58807519999993,0.10395957610780183
12.336140140000001,193.7075559,23.89603557,22.486449839999995,187.69429430000002,0.0981994341541011
18.65193286,59.84413104000001,11.16208714,35.00378093,648.8870899,0.10430597354660345
23.19608059,235.3114531,54.5830343,66.83535888,1248.02866,0.09942730613454742
11.88974558,143.4077727,17.05081931,17.08589903,168.06007109999996,0.09780652329251598
16.1253819,97.82549959,15.77473541,26.93896739,419.2954164,0.10389126348144756
26.72035166,139.6451582,37.31367734,74.1209074,1907.752665,0.08707757114880389
22.92362051,216.7560934,49.68834428,62.73313349,1204.571801,0.099854117869586
14.12746024,100.1011639,14.141752129999999,20.96155126,281.95308239999997,0.10191809547556338
13.21819592,232.8185586,30.77441321,30.09187952,230.89504419999992,0.09952835113081834
28.08970052,62.94796174999999,17.68189394,79.15255545,2216.361261,0.07945072673021802
15.74040443,67.87141684,10.683235499999999,25.08868482,389.9801754,0.10374564957362502
13.59000338,169.8648117,23.08463365,23.370107670000003,250.96246099999996,0.10063946316031135
29.99928037,151.959391,45.58672376,93.50467634,2699.782613,0.07004487177866764
16.18383656,184.3010159,29.82697519,32.45178419,423.8475221,0.10363736979852277
12.49480376,58.68918567,7.333098576000001,15.814162330000002,195.06558289999998,0.09978308417300888
19.2351526,102.0484738,19.62917965,38.06183122,711.6731039,0.10407360338406489
18.6869022,190.6289363,35.62264289,41.84737092,652.5108723,0.10438218095747584
28.53604952,118.8803137,33.92374517,83.11069168,2323.693849,0.07799427851027203
12.68409895,110.9309346,14.070589509999998,17.453716339999996,204.05755310000006,0.09962026537275431
11.82272812,213.9553926,25.29536437,23.771906779999995,165.20865200000003,0.09694073316445045
11.85957342,209.2126124,24.81172336,23.22216688,166.76051549999988,0.09706781369943515
28.08574932,198.9981877,55.89013215,86.76131516,2215.390467,0.08165714004158006
18.98738356,175.5250832,33.32762079,41.45983536,684.5037375,0.10428752584780066
13.01213056,240.8810288,31.34375397,30.90835551,220.25756990000002,0.09908653313789967
21.87660197,54.21139916,11.85961201,48.01789193,1046.979978,0.10078855804479198
20.75246711,80.52861992,16.71167537,43.58870584,893.7294144,0.10264553349544762
13.96813495,141.9776557,19.83163056,22.37281597,272.5104391,0.10141059296288962
22.06076279,106.1379687,23.4148455,49.86339819,1073.635882,0.10075975239039615
16.80462469,108.6718687,18.26189967,29.52290967,474.5430797,0.10421754394429596
14.76741535,246.0592532,36.33659194,36.70535152,321.9821634,0.1018811058503115
20.20801222,58.84409697000001,11.891222299999999,41.04013098,825.2185181,0.10319740948778267
15.83298523,55.17957451000001,8.736573881999998,25.2363521,396.9036459,0.10386396450046838
14.44279844,237.0289711,34.23361653,34.17637809,301.21254310000006,0.10148014863449012
27.59444817,82.0180082,22.63241676,76.6970883,2101.182379,0.08224640305091009
13.11525153,58.59545646000001,7.684941501000001,17.40216553,225.59177569999997,0.10079480193740156
15.61179955,141.7090558,22.12333373,27.21855275,380.4836315,0.10332400000391363
17.7227676,226.3781141,40.12046705,43.01085978,556.6146648,0.10435204439488525
15.47276621,111.2129475,17.20771936,25.31616669,370.4157028000001,0.10333632309568276
14.21421285,236.4502901,33.60954752,33.42402242,287.1335159,0.1011480679475008
25.42292194,223.0552307,56.70715717,75.73030474,1643.097147,0.09311976360265942
16.58032317,106.0835766,17.58899983,28.68454708,455.7936298000001,0.10412274804094358
12.250259149999998,137.0878385,16.79361548,17.58318703,183.81943650000005,0.09857803208496282
20.81790325,234.7476134,48.86953103,56.27461531,902.1617927,0.10322319151922814
12.50976994,74.65735579,9.339463456,16.06555366,195.76525049999987,0.0996560834173677
17.15039215,62.37866729999999,10.698186060000001,29.6563166,504.4507990999999,0.10442830381709671
27.63653525,87.74392031,24.24937946,77.05334809,2110.810285,0.08212742452449989
17.3832239,95.12425467,16.53566217,31.07839092,525.2710806,0.10441540772994397
22.65017949,85.87780261,19.45147643,51.93641161,1162.016212,0.09945360844063818
20.29251072,56.3424134,11.433290279999998,41.3574563,835.6139899,0.10309940794114263
12.75449692,193.5317853,24.68400559,23.51636546,207.4491192999999,0.09900516863272103
22.98139196,82.39038925,18.93445829,53.37371811,1213.742504,0.09868728748490671
27.12069994,141.0777919,38.26128462,76.36109982,1994.795354,0.08534299955005
11.86424948,74.07767167,8.788759777,14.482542899999999,166.99618139999984,0.09848446542887544
25.07360178,123.1036222,30.866512,64.7341247,1576.325849,0.09314136506876644
23.80422563,129.493525,30.82493088,58.83553742,1348.828629,0.09702667112812126
27.3332115,232.5971952,63.5762833,87.29429182,2042.0222950000002,0.08574929687893491
12.08183864,191.0633511,23.08396579,21.571889129999995,176.3230901999999,0.09771349072820462
16.11390759,231.2284347,37.25993629,38.32879746,418.3570637,0.10343275689211819
23.88582974,147.8192663,35.30785828,60.28321638,1362.743231,0.0969760096456423
10.44035958,83.86832988,8.756155211,11.490031979999998,113.79404239999997,0.09538707208992954
24.68151355,131.9266487,32.56149369,63.21384705,1503.523908,0.09450852603696656
27.15957158,168.7356976,45.82789257,78.56843102,2003.37649,0.08557187112500175
19.06608105,158.2490329,30.17188888,40.31453664,693.0564538,0.10423524555967639
18.68659807,229.2610984,42.84109999,46.96900737,652.4627903,0.10442119193354138
15.56937924,168.4755592,26.23059875,29.02256964,377.3820409,0.10317012830189069
10.1010374,101.3261643,10.234993749999997,11.243410529999998,103.0515838,0.09436818932133921
13.72607033,240.5172659,33.01356908,32.75407701,258.5481889,0.10034936136936129
29.59728237,84.78523365,25.09412501,88.20939405,2592.712153,0.07127722301309715
27.34572154,145.2876529,39.729957,77.84565339,2044.8604640000003,0.08437778313824382
15.33009277,227.5301025,34.8805758,35.28039592,360.22341470000003,0.10266542124119837
29.27497714,191.9843681,56.20337989,92.77858805,2508.899782,0.07515282774456832
17.35425232,157.0764855,27.25944962,33.99255898,522.6334717,0.10431718078451933
15.9517075,187.5656106,29.91991757,32.04441637,405.8671379,0.10343929405120397
13.05615271,137.5586999,17.95987393,19.649252539999996,222.54033489999995,0.10002426557812709
28.03222139,129.3611765,36.26281138,80.74531415,2202.770461,0.08080347250009838
29.73984982,175.5676081,52.21354298,93.85756006,2630.33597,0.07209902795219095
16.54822808,197.4016464,32.66647468,35.07661615,453.1240858,0.10385756039646568
24.06860847,237.4920451,57.16103047,71.32492965,1394.233064,0.09734965644396303
16.7060682,217.3091095,36.30380802,38.17131366,466.20696899999996,0.10391142749172201
12.09981479,242.1385013,29.29831018,28.83738728,177.08933389999993,0.09725364607252085
17.85384614,73.17722467,13.0649491,32.26783937,569.1035266,0.1044726921388094
21.03139922,247.8946932,52.13572255,59.46554517,930.1988787,0.10305766040871435
12.460335179999998,90.06035733,11.22182239,16.25646296,193.45099449999987,0.09942179885018078
26.3654555,66.18078463,17.44886532,69.80358932,1832.756626,0.08758799217825049
19.94726234,181.3621006,36.17677398,45.75472805,793.6552612,0.10379011524304387
14.68765905,184.6974576,27.12773284,27.87334507,316.8188315,0.10211027639286567
21.85519157,244.7644517,53.49373981,62.42868926,1043.852001,0.10196378923701076
25.86518612,204.2047372,52.81793533,75.41603599,1730.359564,0.09132583242700895
16.55248698,128.5316663,21.27518733,29.52187568,453.4965049,0.10404515949200806
24.02952649,170.0210827,40.8552611,62.65664242,1387.47955,0.09679670521928325
18.5571836,171.8908695,31.89810423,39.5156749,639.0224466,0.10439019971841011
29.28102338,203.0837471,59.46499946,94.11361767,2510.450249,0.07532073971248518
25.41880173,166.2196075,42.25103248,69.20402269,1642.320503,0.09245516113027222
17.12701805,127.288136,21.80066202,31.39583142,502.3787489,0.10429641548473008
10.35495918,186.2916203,19.29042124,17.18768813,110.99653130000002,0.09387036184912358
23.15039791,98.02030113,22.69208974,54.53586937,1240.714955,0.09841062909955556
13.95744317,119.9102485,16.73640479,21.20514762,271.8908789000001,0.1015507122427421
12.43758351,64.32622456,8.000627900999998,15.735521479999996,192.39717429999996,0.09962986989879194
28.63552903,213.2460336,61.06412986,91.69647486,2348.049358,0.07906560677576452
29.9989794,64.19981845,19.25929032,90.25848357,2699.720327,0.06836906097642814
15.39777641,109.7593628,16.90050128,25.03143581,365.0561718,0.10327558696851045
16.03537104,235.1265825,37.70341992,38.7121703,412.26722140000004,0.10335136299086158
13.29977878,161.8819369,21.5299395,21.930651,235.22575519999998,0.10023096844507295
19.15369552,93.57598393,17.92325904,37.50580001,702.6714784,0.10410603084955697
27.3168752,248.5774331,67.90358717,89.98095065,2038.355317,0.086066458158212
24.03011904,226.1458964,54.34312812,69.31020797,1387.559963,0.09733868707611822
26.92663116,63.636054529999996,17.13504569,72.76204379,1952.293748,0.08511489512683398
14.56963311,96.05701247,13.9951543,22.11373412,309.26650759999995,0.10249036871254405
24.60912135,178.4521187,43.91549843,66.24372138,1490.318331,0.09521994541704248
28.37053257,89.7606314,25.46556916,81.21191062,2283.499563,0.07840094123861195
15.62832228,157.4355867,24.60454088,28.32663852,381.68832370000007,0.10327187974279536
23.81307087,83.17215214,19.80584354,57.28158669,1350.342662,0.09658626572445507
18.01314823,184.5411018,33.24166221,38.73197533,584.4448867,0.10441557067012606
15.8045329,156.2472234,24.69414383,28.79281993,394.74636240000007,0.10343188203325177
29.39246938,243.8864487,71.68424975,100.8982379,2539.206668,0.07543540470681916
16.9726646,76.76265551,13.028668059999998,29.25945871,488.9279371,0.10435258298315127
12.15699363,156.1442498,18.9824465,18.58620653,179.64685969999994,0.0982094736965453
17.77178419,112.3447779,19.96567148,33.001574,561.2848588,0.10443928121738896
18.95356582,172.5377526,32.7020565,41.06008971,680.8536889,0.10429472028637855
25.04421651,90.6511081,22.70285978,63.46621473,1570.79705,0.09288250977918833
28.99828534,235.0784921,68.1687319,97.08093878,2438.412155,0.0774897344150003
26.34113968,137.5843634,36.24128934,71.98996124,1827.675902,0.08862635321243452
28.61882623,136.3542762,39.02299335,84.43888678,2343.969779,0.07784054105702638
19.5012026,207.2650086,40.41916925,46.93354298,741.5817362,0.1041325155286419
24.38633136,231.5036539,56.45524817,71.8765091,1450.184846,0.09642472358713995
16.1809917,148.7947524,24.07646654,29.47674696,423.635854,0.10375166574345975
11.39174217,204.2578457,23.26852714,21.49907519,147.79095560000007,0.09609698079035699
17.30947051,78.7881927,13.637818980000002,30.45086088,518.6162864,0.10442886009374118
23.95830457,100.4818223,24.07374101,58.4145602,1375.197443,0.09634087534815702
15.4924422,188.5980627,29.21844587,30.70986428,371.8074683,0.10300835582840143
27.22811791,235.3494218,64.08121807,87.17289208,2018.5566910000002,0.08625813904507344
25.815457,73.44174888,18.9593231,67.03990407,1720.434295,0.08988871434711403
13.88085098,76.87743874,10.671242709999998,19.72215887,267.44758379999996,0.10175535739728025
16.61673525,245.0454474,40.71855324,42.3258995,458.7544176,0.10379107936019845
26.50605235,68.24727184,18.0896576,70.57495577,1862.233213,0.08702207069384763
14.87875579,58.579179460000006,8.715853055,22.33875303,329.37855679999996,0.10304654573198549
16.63204291,156.3508671,26.00434331,31.48457491,460.0591945,0.10401364566401668
16.86133865,94.88226419,15.99841988,29.28466535,479.36684909999997,0.10427320490117303
26.02084056,109.5253135,28.4994072,69.02225746,1761.817858,0.08953884874075606
10.74060531,173.5787387,18.64340723,16.765914479999996,123.87414039999999,0.09495579992995568
11.47573966,120.2492873,13.79949516,14.90805168,151.1125403000001,0.09720690739938755
21.56903096,249.1308429,53.73510865,61.98490864,1003.379072,0.1024003654855017
17.94223982,95.6442063,17.16071287,33.0673324,577.5945591,0.10445283862343445
22.65770639,223.055081,50.53916535,62.4349523,1163.132678,0.100435435086331
15.32922552,225.0445539,34.49758719,34.89590847,360.1633988,0.10267536901235343
28.19165355,137.5172798,38.76839509,82.07752257,2240.567249,0.0801195039471434
25.21883774,249.4672621,62.91274405,79.12430206,1603.830066,0.09411195312591562
11.35492441,106.56006,12.099814259999999,14.103425260000002,146.39257750000002,0.09710865099848692
25.67810955,68.21274745,17.51574401,66.25392346,1693.120813,0.09035007748891556
29.39164745,163.4389949,48.03741317,90.75272625,2539.026419,0.07395367042948739
28.84871241,51.49435493,14.855458359999998,83.36136675,2400.926269,0.07511717250701336
24.70967596,144.832751,35.78770345,64.09489654,1508.672979,0.09455638215980412
12.47187507,217.3607583,27.10896222,25.82412779,193.94986230000006,0.09824869614461229
21.52153532,133.9414152,28.82624897,48.72059777,996.8089621,0.10182336400294255
15.68465458,90.79847381,14.24142698,25.34941448,385.84741640000004,0.10360490134636634
29.40425887,101.1311101,29.73685342,87.49536256,2542.312692,0.0727448855686563
24.34971451,232.7616455,56.67679616,71.90141627,1443.661328,0.0965402599832312
22.2153118,182.4425408,40.53017929,55.424659,1096.336956,0.1009675367258546
23.90176085,82.26237326,19.66215573,57.68609473,1365.4869,0.09633222368934642
18.75958258,142.6386921,26.75842325,38.09429167,660.1705213,0.10432283250682703
17.45473503,172.9187587,30.18251114,35.6372035,531.7596274,0.10432504105336869
28.71599159,151.0280822,43.36921137,85.90568955,2367.921326,0.07756174806716463
16.6385427,207.0177742,34.44474075,36.55613832,460.5803949,0.10389216961521897
10.82872263,51.25849054,5.550639768,11.860801629999997,126.97631030000002,0.09665345492883567
18.01680308,106.21287,19.13616363,33.65872517,584.8235036,0.10444355126023745
25.80680705,164.9181424,42.56010681,71.08457162,1718.683675,0.09104689007457835
22.96936716,157.7799508,36.2410562,56.68703779,1211.820146,0.0992926359795482
29.24341551,70.81603939,20.70902865,85.87287123,2500.825645,0.07315831362168808
12.124037350000002,85.04322203,10.310672,15.314290489999998,178.2067591,0.09886006764539917
28.23092604,200.5917446,56.62890707,87.76973819,2249.922746,0.08095254413612565
17.37698388,156.957097,27.27440944,34.06267819,524.6900202,0.10432377934294097
19.48005171,177.9934742,34.67322081,43.58637319,739.1825441,0.10407790597449096
18.56964309,213.3504442,39.61841601,44.19453787,640.294538,0.1044186235283103
12.32904562,166.7653364,20.5605744,19.83839357,187.38029849999998,0.098441859562306
14.95592911,112.7898833,16.868775,23.80284459,334.5212252,0.1028233413853665
24.84543138,154.6500587,38.42347423,65.42825595,1533.673285,0.09423342685091055
10.46015084,76.07833909,7.957909022999999,11.38181041,114.4436968,0.0955323825663332
12.67775549,104.4154465,13.237534999999998,17.21094675,203.75293640000007,0.09966910124030176
10.50420338,181.0260805,19.01534766,16.96613349,115.86881189999997,0.09430063027094725
27.14776115,58.22220023,15.80602385,73.89745657,2000.789146,0.08402491917692649
22.34649656,50.17018682,11.21127907,50.06287158,1115.905338,0.09985128292449572
13.398573240000001,227.4144847,30.4702963,29.71345051,240.48183430000006,0.09988836358596634
25.37544446,242.8657631,61.62826682,78.71645862,1633.899334,0.0935189075263107
29.33601195,231.1225325,67.80213375,98.40617649,2524.608456,0.07552162561777412
28.69120749,93.09231271,26.7093086,83.12529334,2361.809609,0.07671118481679981
28.43095096,200.9315607,57.12675348,88.94420601,2298.087332,0.0799302679386033
10.15620431,141.2936001,14.3500667,13.135617279999998,104.7397459,0.09396820360903581
21.78026978,64.18877354,13.980488049999998,47.70248567,1033.208648,0.10101783686087716
15.13265233,208.997229,31.62682405,32.02868255,346.48977090000005,0.10252448656121912
21.29294429,211.6349513,45.06331228,54.8179401,965.3548967,0.10255646157919282
16.36060578,194.3955014,31.80428165,34.11307253,437.8855990999999,0.10373732829879513
13.07333086,249.31015,32.59314076,32.58720768,223.3767302,0.09913312941746417
18.88987447,248.423427,46.92687351,51.01398857,673.9806845,0.10441673880494179
19.90192654,85.88408049,17.09258661,40.24215546,788.2814252,0.10356596679588144
29.79531014,209.0824927,62.296777160000005,97.91619398,2645.066245,0.072400378861208
10.84775768,181.9648195,19.73910269,17.792457400000004,127.6166262999999,0.09510598438749684
16.02310398,195.2935873,31.29209456,33.12240253,411.33880940000006,0.10347249007758239
27.0378769,248.1801004,67.10263004,88.39092556,1976.533711,0.08727665803663288
23.19390996,217.3238501,50.40589811,64.05987657,1247.686458,0.09927990558427434
26.53366064,128.3034586,34.04360429,72.51561767,1868.046504,0.08771057316493874
23.20581837,237.4931241,55.11222302,67.2463215,1249.600137,0.09942465446295026
25.19072618,225.0330952,56.68747084,74.85292064,1598.484037,0.09391472889042916
19.858435,191.2467154,37.97860467,46.43065123,783.0955849,0.10388128549920356
14.09755386,237.3918666,33.46644625,33.25229698,280.1198752,0.10096461437319101
26.20007722,142.4533531,37.32288852,71.5352045,1798.468408,0.08925510602013664
21.35641309,192.6512464,41.14339601,52.75979323,974.0211561,0.10237230233094852
12.79010388,50.817458939999995,6.499605786,16.489907439999996,209.22657930000014,0.10034946699039053
26.09788054,163.7162164,42.72646257,72.49802252,1777.498192,0.08993057636663751
29.17171821,194.7378132,56.80836612,92.48392056,2482.443625,0.07579287121421227
16.92327745,126.6023765,21.42527144,30.66893534,484.66210220000005,0.10422402991664807
15.87024504,223.5836548,35.4832739,36.36333658,399.66542560000005,0.10323872485355386
11.63550356,147.0135615,17.10576818,16.71589655,157.50558589999991,0.09724681314989371
23.28982453,106.5102712,24.80605526,55.44989181,1263.265831,0.0981425283743545
29.17923237,159.8890052,46.65438435,89.23024168,2484.374819,0.07512268305186638
12.7198538,231.1031535,29.39598326,28.52237957,205.74705970000014,0.09861238049832012
19.70319263,186.4897731,36.74443923,45.30740251,764.8742897,0.10396909126520804
11.96476369,240.01587,28.71733168,28.14229955,171.2246493,0.0969855168141741
10.68219807,139.5238552,14.90421457,14.12703337,121.87440709999998,0.09523721356489775
23.29002101,181.6958984,42.31701292,60.24090716,1263.276135,0.09876302899764852
27.35374351,175.6787241,48.05470759,80.24470333,2046.650858,0.0847951405191673
16.75141072,97.82463507,16.38700641,28.99712454,470.05136660000005,0.10422267680334733
27.51530349,198.9151002,54.73209351,83.57970956,2083.121844,0.08440300738452922
12.34106198,63.598336700000004,7.848710152999999,15.487420360000002,187.95256410000013,0.09946777514614306
14.75921364,165.0248357,24.35636806,26.27759249,321.4791927,0.1023098285502315
28.03213454,85.60299167,23.99634579,79.20734446,2202.759393,0.08010835311932094
20.17019787,87.66871187999999,17.68295266,41.35749268,820.590356,0.10332237168788756
22.16384768,245.9663088,54.51559801,64.00443465,1088.707807,0.10148502622610685
10.76036465,126.9041338,13.65534756,13.622292569999999,124.57325890000004,0.09557157841366634
12.567798200000002,153.9222873,19.34464246,19.441692849999995,198.48411709999993,0.09901493716203906
11.11581625,183.0227573,20.34447339,18.48691073,137.3150521,0.09571193733605968
28.1000148,149.658184,42.05397184,82.31306313,2218.785208,0.08078503842822274
12.69589928,195.1752878,24.77925796,23.55347478,204.6018489999999,0.0988808944265376
26.99345653,55.20604492999999,14.902019740000002,73.03292143,1966.866243,0.08469318657520054
17.02069399,185.3403093,31.54620688,35.33703295,493.0620026,0.10414687006254439
26.01194993,114.8786995,29.88218979,69.17822138,1760.011362,0.08964107760883638
17.30087095,225.8728194,39.07796499,41.45571289,517.7988853,0.1042090506012347
15.35368079,78.68158405,12.080519259999999,24.06065269,361.9345925,0.10338599162296165
11.87321402,56.12869280000001,6.664279825000001,14.274150650000003,167.3773605,0.09869186597654891
15.61413181,62.19021889999999,9.710462752000002,24.62063956,380.6704026,0.10367662457136059
19.42959433,154.4370328,30.00648898,41.43435994,733.4610862,0.10405668743410684
26.35017598,93.04973425,24.51876872,70.23882555,1829.567785,0.08800331758220398
19.0502991,200.6355389,38.22167024,44.36789683,691.3215711,0.10430339948722862
29.4287115,61.10520005000001,17.98247303,86.83306342,2548.667061,0.07187324765254334
20.83266022,96.96577963,20.2005514,44.31168057,904.1274922,0.10261039827524125
10.4989126,216.0483243,22.68272473,21.107177939999996,115.67986099999996,0.0938525907012941
18.307346,59.12823179,10.824809980000001,33.72261281,613.5835311,0.10441407306782713
23.77798215,207.5225634,49.34467807,65.47633018,1344.346057,0.09781029465115931
14.68583292,72.35301185,10.62564244,21.94613387,316.72954089999996,0.10276472809396783
23.97259902,218.5518019,52.39254712,67.90765317,1377.622749,0.09741525813436232
20.0739461,206.8084356,41.5146139,49.14147197,808.8636113,0.10377515178622712
10.51475551,93.75116232,9.857705507000002,11.880013599999998,116.24243539999998,0.09542922323647868
25.48705899,130.3944911,33.23372087,67.17607905,1655.597311,0.09179149629278834
21.20747408,141.6009121,30.02997672,47.81490983,953.8008492,0.10231647200267335
11.64987006,128.7553038,14.999825589999999,15.70644343,158.09484399999997,0.09747377227247267
19.50428067,92.20632445,17.98418031,38.82563519,741.9674225,0.10388942111912679
15.74585764,95.23157402,14.995028069999998,25.65686343,390.3811799,0.10363350392263519
27.59363085,188.1391732,51.91442893,82.8002861,2100.967011,0.08387064545403372
15.69854106,80.31142505,12.607722030000001,25.1624218,386.8749756000001,0.10366098391123252
28.83374142,106.3973183,30.67832763,84.34292349,2397.181665,0.07614373158778762
20.92265499,62.60516493,13.098662659999999,44.02112427,915.9009773,0.10234977104745722
16.47227419,93.62166717,15.42161772,27.95417717,446.94303260000004,0.10410508042733285
26.27090035,57.561710059999996,15.12197949,69.20674263,1813.109684,0.08786928477587404
23.94800757,189.6677468,45.42164635,64.17378651,1373.399183,0.09720264895117843
18.27924991,130.8858171,23.9249456,35.65531538,610.7492328999999,0.1044157487878269
22.59236605,125.5336574,28.36102341,53.01974753,1153.132502,0.0998547625904496
25.57168528,147.1276472,37.62301891,68.57591398,1672.139208,0.09168710368531041
27.03115589,102.2589229,27.64176886,74.13764889,1975.111201,0.08518858851684573
26.32825427,122.0667185,32.13803602,71.13652606,1824.99906,0.08847407351952781
13.32154177,168.1931344,22.40591865,22.5043514,236.38042080000002,0.1002167189684541
26.56779105,94.9047733,25.21410187,71.43955145,1875.2719389999997,0.08711640143226708
11.17258118,142.3935894,15.90903937,15.369820080000004,139.44322290000002,0.09630711474184675
14.00341363,164.9845303,23.1034662,24.100420960000005,274.5735506,0.10130216642787113
22.4585344,77.61879944,17.43204477,50.90620502,1132.770486,0.0998012199026436
12.293850510000002,111.3939874,13.694610289999998,16.49612174,185.79532389999986,0.09891231439196865
22.0669519,160.4424554,35.40475946,52.82511125,1074.525289,0.10108631206724852
16.15931383,130.251963,21.04782347,28.32214164,421.940569,0.10379961783954843
18.5893317,193.1989209,35.91438824,41.76763404,642.3416679,0.10440015520253344
16.30303007,96.26435754,15.69400716,27.47094405,433.3069958,0.1040047678101008
11.40347136,144.1447422,16.43750439,15.99891307,148.26900480000006,0.09678778864890272
20.01517506,214.2092141,42.87434919,49.88983888,801.7765035,0.10384183182471181
29.27198889,78.55386334,22.99427815,86.16966641,2508.162246,0.07312678350377738
22.23566696,228.9855827,50.91647157,61.4492095,1099.334274,0.101247163982193
16.00063743,139.449177,22.31275722,28.3137787,409.62951069999997,0.10365295704637895
29.12299668,145.9680589,42.51027294,87.92498745,2470.042558,0.07519647786853317
17.78474504,177.1816812,31.51131027,37.19204182,562.4950344,0.10439216507510322
23.95035468,158.3667143,37.92938976,61.33378867,1373.813942,0.09690074173872942
22.6822561,214.6500266,48.68746876,61.33839557,1166.921392,0.10032415917382227
29.05821696,87.32801925,25.3759653,85.10397675,2453.610019,0.07453420375329728
28.29205389,75.9809268,21.49656476,80.48267691,2264.604275,0.0785944172641566
12.960081130000003,102.6969338,13.30960594,17.87947995,217.67177479999998,0.10016421219125843
11.71371749,249.5626708,29.23306622,29.26426188,160.6630156,0.09633919823560945
26.19284656,69.77288325,18.27550425,68.94619327,1796.995211,0.08834691604047899
28.09886427,156.0903619,43.85961891,82.75763426,2218.510711,0.08089472171872095
19.85947208,204.6761471,40.64760228,48.01422283,783.2129682,0.10391907167755811
23.81522548,216.5192307,51.56454298,66.86704297,1350.669271,0.09780039763536251
11.3957656,241.4849386,27.51905757,27.06853566,147.9310557,0.09570242902564023
14.39608796,249.0333801,35.85106444,36.16919348,298.2930881,0.10134293695415282
12.98752389,160.4512315,20.83864203,20.99833009,219.04232360000003,0.0997116978289977
22.02321167,98.1573682,21.61740497,49.44791861,1068.164257,0.10077973366083556
13.95079788,153.9792887,21.48133934,23.11326677,271.4933611,0.10130189064113208
11.19692631,197.2064365,22.08105938,20.206548860000005,140.33827229999997,0.09573502562856906
16.04414565,145.3335405,23.31752493,28.81117248,412.9786275,0.1036642558838893
23.54424858,104.4620395,24.59480225,56.57308709,1305.121284,0.09748772078749687
21.55727449,214.418605,46.22280722,56.3295762,1001.755241,0.10221452831317934
16.61449931,215.8229777,35.85790714,37.65709757,458.5826966000001,0.10385589486496805
26.66957752,160.1295783,42.705882,75.23259617,1896.891704,0.08757608597267122
15.52538216,170.3120006,26.44158896,29.04384925,374.1909104,0.10312003012342547
15.21095277,152.7068334,23.22816431,26.69833663,351.917186,0.10288499423099964
21.19894822,206.4274659,43.7604516,53.73588938,952.6283806,0.10264922520411339
19.5643128,227.4156395,44.49230706,50.03768671,748.7964874,0.10415020607898469
18.91945321,50.40238409,9.535855475999998,35.92261322,677.2111706,0.10418019421460224
13.115712379999998,244.7253993,32.09747949,31.85892279,225.5591004999999,0.0992481281943524
20.09292383,118.8241474,23.87524543,42.0502581,811.18863,0.10348773419551954
15.18037835,129.8254683,19.70799728,25.23255179,349.8056841,0.10296749001563156
17.84359765,123.5366401,22.04338101,33.72472762,568.1141411,0.10443397070463106
24.67140895,218.8726767,53.99897315,71.35299196,1501.647516,0.09546500888898397
28.73725651,197.3585278,56.71542638,90.27018251,2373.169651,0.07824568312083706
25.4772593,85.78217852,21.85494806,65.54030937,1653.697955,0.09130357180577635
18.11267789,131.6187112,23.8396732,35.08700483,594.2036708,0.10442944179526457
21.86066279,50.54534631,11.049547710000002,47.91799262,1044.693549,0.10079668956148054
24.92995632,210.6226642,52.50813819,71.49389518,1549.359209,0.09458305640728067
18.284421,97.25609524,17.7827139,34.35192604,611.2753981,0.10441574751987595
17.20496318,66.60333806,11.45907979,29.89652851,509.2809829,0.10443120618566573
12.70486592,182.1537937,23.14239526,22.18522551,205.0406574000001,0.09901325666691652
24.72521603,93.81912123,23.1969804,61.95942926,1511.533425,0.09397089901265977
26.77017182,159.8015367,42.77914595,75.74498683,1918.437676,0.08714568759186925
16.33168822,82.24098085,13.43134058,27.22864738,435.5986229,0.1040669888965949
25.67015531,208.0216706,53.39948592,74.89741234,1691.509256,0.09207778173199554
22.20426117,246.394705,54.71012381,64.26163034,1094.674233,0.10142090043856268
25.68166093,71.49841164,18.36197965,66.32027232,1693.822948,0.09037596942152985
18.22674766,218.2825222,39.78580451,43.62199701,605.4710297,0.10443022012355452
24.95152727,147.9579104,36.91775837,65.49689832,1553.407083,0.0938191862746099
18.17018236,60.28217305999999,10.953380769999999,33.23461452,599.8949791,0.10444355835174346
11.77515971,154.261519,18.16454023,17.53634079,163.24395749999996,0.09745937480036593
21.01157836,146.3845838,30.75771155,47.28543674,927.6112337,0.10259692553247615
19.08657453,228.2826006,43.57132869,48.3262115,695.2666956,0.10433814407679651
15.05759774,118.0783574,17.77976409,24.3194323,341.3888531,0.10290185971097376
27.8422667,201.4984333,56.1017312,85.70034404,2158.269124,0.08289379441494177
17.65706611,76.46120201,13.500804990000002,31.62421467,550.4920063,0.10446976953883116
10.78252223,127.7006505,13.76935103,13.708751319999998,125.3442996,0.09561203832412851
17.6427148,157.8717673,27.85286566,35.06125475,549.1317193,0.10438344829080856
18.49019616,86.30446106,15.95786414,34.83157072,632.1489754,0.10436863617307178
27.23275446,89.55400596,24.38802255,74.88050753,2019.6354570000003,0.08408213559920176
25.98366416,99.06817634,25.74154223,68.4873853,1754.279359,0.08955275182087952
13.99933172,198.5592893,27.79697357,27.42648597,274.32128109999996,0.10106850803986155
26.78058452,238.6981812,63.92476816,85.32023443,1920.645761,0.08822072229324757
14.95854457,75.43105897,11.28338857,22.80499656,334.7037947,0.10303170868782657
16.83868296,159.587988,26.87251535,32.41856329,477.42064300000004,0.10411331284286846
11.53636908,79.42075498,9.16227142,13.809739979999996,153.52870369999994,0.09778524242598283
11.10712626,60.85116726,6.758815979999998,12.562149009999999,137.0229743,0.09712303381536483
23.61720242,57.89141447,13.67233254,55.9712432,1317.298662,0.09689710955976188
28.46682169,135.7812966,38.6526196,83.53933381,2306.818747,0.07864824095566601
19.86033708,135.0645519,26.82427528,41.90720497,783.3389697,0.1037270986183173
26.88187424,182.8384874,49.15041225,78.37579089,1942.545326,0.08699357011196895
25.87502499,127.986352,33.11650057,69.04817309,1732.360319,0.09033202642763499
23.29357447,95.94328392,22.34862029,55.14222999,1263.878276,0.098047423647305
29.56457862,69.2606611,20.47662261,87.73867702,2584.129502,0.07119287838435513
26.04375842,164.231552,42.77206864,72.25738911,1766.462179,0.09014562706536088
15.49688788,93.46770604,14.48458561,24.83190711,372.15450309999994,0.10343938780856593
25.78028492,125.4301032,32.336238,68.43566462,1713.401532,0.09065796230737508
23.85323293,53.50606769000001,12.762926959999998,57.05085458,1357.190563,0.09620901578366935
17.99040893,99.80841176,17.95594142,33.35974471,582.2582832,0.10444818328514688
11.5359494,180.2005621,20.78784567,19.15932923,153.48578370000007,0.09667661132665303
14.28719059,74.62756285,10.662182140000002,20.82800278,291.63001569999994,0.10229147126046932
25.94475783,182.2710768,47.28978949,73.36859149,1746.387452,0.09075164521449167
14.96970576,222.0841667,33.24534629,33.36270599,335.4099447,0.10226463411867483
29.95715966,223.8737854,67.06622733,100.96357739999999,2688.399499,0.07169897556187221
23.8797628,81.47916982,19.45703249,57.56523554,1361.720289,0.09638651321435653
19.54444961,143.4665305,28.03974376,41.15147179,746.5490741,0.10396671724090811
21.4087338,228.9127314,49.00731731,57.82865318,981.1824086,0.10249892216944055
22.21745447,195.9852401,43.54293148,56.88936339,1096.649098,0.10105418178499743
29.3788964,223.2772757,65.59639951,97.44293976,2535.700142,0.07512982654762354
13.23482389,127.3786025,16.85833371,19.582813449999996,231.8056956999999,0.10040483249697879
15.44791605,149.8025329,23.14136952,27.22549955,368.6237087999999,0.10313640549526552
24.19182096,229.0228106,55.40478829,70.53699812,1415.759842,0.09693584234040906
14.79715966,135.8027422,20.09494859,24.40011983,323.97414919999994,0.1025193687886085
27.42594324,184.0335408,50.47293444,81.45114757,2062.897211,0.08458923802653409
16.93068351,134.9181544,22.84256572,31.12070723,485.29652870000007,0.10420882837127385
13.616788,191.6012961,26.08994229,25.57557757,252.44157180000002,0.10052066160726728
10.95241522,172.6449631,18.90879322,17.14144459,131.35032749999993,0.09545917530910356
21.91190081,138.3206986,30.30869428,50.65957646,1052.040022,0.1012176386436707
26.50564379,159.8043996,42.35718492,74.33591152,1862.126221,0.08825291809715523
15.47586222,169.6297787,26.25167085,28.83120282,370.6217032999999,0.10307469609779416
28.35078973,225.8116405,64.01938338,91.89106591,2278.692718,0.08076363742793226
25.1546854,185.3742377,46.63030632,69.64594741,1591.648976,0.09357344683879366
11.22601365,192.7508946,21.63824174,19.763594380000004,141.43686830000013,0.09585135846951186
21.45265993,243.9853184,52.34134064,60.54582373,987.2275318,0.10252600582150152
21.34881881,63.53235139,13.563406580000002,45.83364586,973.0154857,0.10173107418840213
14.0474461,87.52271268,12.29470589,20.40351788,277.1916358,0.1019004762493385
16.69088757,113.6244586,18.96493064,29.32552337,464.971396,0.10415504055646836
19.16557787,239.2134687,45.84664363,50.42046984,703.9315857,0.10433500980157481
10.96155642,95.71100515,10.491415829999998,12.892341819999999,131.70020899999997,0.09639731985559186
12.995528189999998,163.0189146,21.18516899,21.22063008,219.44678179999994,0.09970381109675411
13.280087780000002,73.55222609,9.767800191,18.03398554,234.20318959999997,0.10092080972111252
17.58471509,104.1334407,18.31156887,32.05141992,543.7475932,0.10443213248320905
24.94714917,105.2219429,26.24987507,63.40100648,1552.600333,0.09336728090564897
26.62607318,191.6932526,51.04038572,77.93879567,1887.612783,0.08819485156472875
13.25698092,71.76581639,9.513980585999999,17.94437212,232.9830323,0.10090052759943542
25.03812072,201.3968988,50.42599865,70.8595503,1569.617979,0.09413570742410117
23.41419917,110.7092372,25.92168129,56.17938393,1283.612028,0.09787020503644946
27.81374784,196.6940844,54.70799665,84.97026833,2151.645552,0.08295524038902151
29.37582508,123.3122231,36.22398295,88.16898378,2534.939597,0.07331623852221196
12.48921218,135.2802117,16.89543268,18.073769479999996,194.7889563,0.09904375981916975
11.61347723,75.16615198,8.729403944000001,13.911970359999998,156.6286311,0.09798566034170611
25.99460258,71.36838191,18.55192725,67.93544732,1756.500537,0.08916337240454751
13.24341746,158.3683681,20.97338411,21.5107748,232.24871010000004,0.10016560647758925
13.891490490000002,177.4140307,24.64545319,24.88158839,268.0374891,0.10105072905470328
27.64071845,68.42613407,18.91347506,76.7213121,2111.771959,0.08181351976406906
28.77929794,77.88644876,22.41517314,83.29728148,2383.633501,0.0759612144167854
16.36942488,56.48855019999999,9.246850791,26.97605958,438.6287602,0.10417082443788767
26.84336201,82.48173957,22.14087194,72.61775125,1934.234821,0.08575008868875234
27.17713819,94.51550417,25.68660918,74.70400809,2007.285906,0.08441166214338856
22.10780961,188.1406191,41.59376987,55.53511785,1080.495395,0.10119296098010003
21.32176896,63.042929439999995,13.441867759999997,45.71234167,969.3216628,0.10177073269897892
21.51676818,187.4813018,40.3399171,52.88695631,996.1294928,0.10212075556106114
16.02578375,131.0856947,21.00750997,27.9350802,411.5662014999999,0.10370229344660507
22.37734078,78.59074466,17.58651875,50.55995417,1120.528825,0.09997406182646568
14.87160542,246.4658347,36.65342643,37.08813238,328.8465921999999,0.10201725586036443
13.5526458,150.8538044,20.44468179,21.80038128,248.90439179999998,0.1007245554577927
18.25900909,108.8368555,19.87253134,34.62836403,608.7278383,0.10441899645247649
24.11560846,61.10103429,14.73488619,58.38436785,1402.469793,0.09552305435894523
22.42855375,112.8643288,25.31383665,51.7417084,1128.233281,0.1000994602476606
29.29764159,172.4912463,50.5358671,90.96735198,2514.738593,0.07466718192924586
22.92911823,99.15458238,22.73527142,53.54929755,1205.475863,0.09893398291668112
12.826281,163.8482902,21.01564211,20.85006258,210.98277129999985,0.0993969071260157
13.22436427,105.6556253,13.97228475,18.667826510000005,231.26155800000004,0.10056777500051847
11.8613428,58.89088548000001,6.985249805999999,14.273386930000001,166.87548730000015,0.09864019091616547
13.8234753,132.6332524,18.33452488,21.44207536,264.1330821,0.10126894757406378
21.95901801,121.3240575,26.64157165,50.00567995,1058.845774,0.10103425218927152
26.7657295,99.17803191,26.54572375,72.61597066,1917.4984689999997,0.08632256136799941
27.87735304,155.7943663,43.43134552,81.49610414,2166.455334,0.0819976968104545
18.00087773,127.9245649,23.02754451,34.49660632,583.2689552000002,0.10443405064118948
21.17166057,239.9890936,50.8096763,58.64603659,948.939249,0.1028557498227288
26.18399184,174.2458247,45.62451252,73.85052621,1795.14786,0.08973316308476481
16.24141042,121.6308286,19.75456207,28.17775484,428.4066726,0.10388310185697179
21.91338009,92.86733869,20.35037291,48.82054244,1052.263619,0.10094613641325804
13.48165022,183.0247717,24.67475954,24.30646535,245.00209080000002,0.10036533355309118
19.53080681,234.0257438,45.70711591,50.96237482,744.9525738,0.10418293492963415
13.46144521,175.4226221,23.61442016,23.519347959999997,243.90475809999998,0.10039051271299057
19.24852781,215.8784485,41.55342319,47.11127453,713.1225595,0.10426134498123565
17.93639384,186.8457342,33.51338675,38.69445517,577.0043908,0.10440773614196514
18.66529647,239.4363009,44.69149542,48.56615063,650.2290792,0.10443486815000871
14.87424452,131.4417812,19.55097194,24.39522702,329.0651944,0.10263145336873492
12.72086685,204.5450496,26.01990341,24.73993967,205.80780540000012,0.0988454531829997
15.51330656,151.8371937,23.55496934,27.56680369,373.32433920000005,0.10318948549346595
14.79160078,59.898293429999995,8.859916441,22.094048809999997,323.6239961,0.10295038535506662
24.68592405,52.652448050000004,12.99774334,61.08545197,1504.344717,0.09367068087258461
24.33950146,135.024693,32.86433712,61.70285847,1441.881415,0.09557831652440535
21.68965988,181.9948781,39.47407005,53.07219359,1020.338155,0.10183355436900496
11.82667596,222.6545075,26.33262712,25.02513026,165.3704543,0.09686081526515918
21.32523709,56.52463195,12.054011769999999,45.6571718,969.7955204,0.1017338351718614
11.58474052,238.3688203,27.61440931,26.96466483,155.41759549999995,0.09616546835068551
10.36346039,226.9521024,23.52009123,22.42981133,111.2534161000001,0.0933785316703382
17.0519223,224.7234409,38.31966654,40.42547962,495.7649262,0.10409458435479443
14.81089838,178.5339562,26.44248283,27.62692909,324.86400749999996,0.10229782516977
21.89295363,143.3316125,31.37952345,50.8747395,1049.311829,0.10127971589638478
28.57284976,210.7987888,60.23122122000001,91.0078566,2332.665144,0.07935510975270889
24.39704056,91.23483984,22.25860088,60.28097898,1452.14156,0.09497162445498894
25.34721724,108.4583148,27.49116466,65.52395968,1628.499854,0.09203296016492457
29.01786221,84.53865999000001,24.53131187,84.80781234,2443.402265,0.07471833912099102
22.68182162,249.5963624,56.61300169,66.99594327,1166.83811,0.10059245811807405
21.55461883,88.43625675000001,19.06209805,47.15181673,1001.423203,0.10153055578272577
22.03735952,190.1501837,41.90407961,55.43979921,1070.197662,0.10132561614296076
27.31610513,142.4144539,38.90208196,77.50539235,2038.224441,0.084471974259352
17.7619807,56.65905699000001,10.063770770000001,31.73068552,560.3658928999998,0.10449110819303199
25.90672451,66.25270733,17.16390637,67.40664851,1738.747122,0.0894459396403335
23.0451387,235.8856729,54.36018049,66.23300433,1223.821938,0.09975552640141334
16.09143102,198.9085375,32.0072301,33.76315319,416.62254010000004,0.1035169261659168
10.27376822,159.201957,16.35604006,14.590046829999999,108.41460029999996,0.09401965406726219
14.1983998,91.89296051,13.04732992,20.93542891,286.2235674,0.10206539604977811
23.99977529,51.271227890000006,12.30497948,57.73370008,1382.358542,0.09576995701303952
21.59380619,204.5299834,44.16580824,55.18525002,1006.861082,0.10210573421106316
15.491894,112.4597234,17.42214114,25.42217738,371.7909181,0.10334754882318442
18.68604943,92.80811593,17.34217042,35.71623277,652.4492655,0.10431084151677436
23.22297531,84.46230542,19.61466034,54.53320227,1252.423211,0.09812796987469598
12.54172281,211.759277,26.55826154,25.22518878,197.22995000000014,0.0984368929840799
18.64559162,174.1265812,32.46693123,40.04533816,648.1987507,0.10437603352813828
18.3324843,178.2601556,32.67951504,39.27251453,616.0863201,0.10441803582443974
20.8520204,235.0874519,49.02048343,56.47304447,906.6046662,0.10318921294279672
20.4382736,228.3598087,46.67280251,53.68085628,853.7016054,0.10355788081750623
17.3545337,186.092247,32.29544172,36.56241888,522.648938,0.10427830894975232
25.25467258,242.2053875,61.16817757,77.98845226,1610.680532,0.09390911657643375
11.3445808,95.79220162,10.867223710000001,13.748954570000002,145.99502689999986,0.09720969104648161
10.71076945,53.92044661,5.775294722999998,11.628827309999998,122.87166330000002,0.09636737529352096
18.40518679,234.3413556,43.13096423,46.74414972,623.4224447,0.10444241577664268
27.933885,102.8655952,28.73435706,79.11864801,2179.675861,0.08088169457899974
15.55138701,244.6205934,38.04189519,38.82247291,376.043672,0.10283865890906878
13.44618649,94.80781177,12.748035179999999,18.932175149999996,243.09797079999987,0.10099898535707982
28.56416789,105.6919191,30.19001721,82.77183007,2330.57267,0.07762091958973831
13.36446509,231.8899646,30.99085336,30.3303015,238.64750430000004,0.09979504980105844
17.49681073,212.5310316,37.18615234,40.21374613,535.5993702000001,0.10429594780064043
24.58031021,69.47824517,17.07796819,60.75455222,1485.116991,0.0941831014860321
15.21848017,165.0942497,25.12483565,27.66004111,352.43599929999993,0.1028323543134773
14.59699056,81.55032124,11.90389269,21.84956006,311.0145413,0.10261061834803231
17.95334468,64.33431505,11.550161329999998,32.49853207,578.672708,0.10447236589627432
25.74729629,172.4763658,44.40800093,71.42317025,1706.818428,0.09135945535327207
28.21966706,65.61050407,18.51506581,79.91739696,2247.267779,0.07881062511569709
10.62585056,144.3789972,15.34149648,14.300492769999998,119.95425209999996,0.09504636732745439
13.30216255,172.9025523,22.99977855,22.86372523,235.34858329999997,0.10014694353159641
29.17202578,237.8205343,69.37706759,98.55150686,2482.503513,0.07657421897968994
21.85582583,234.2544398,51.19824237,60.62245806,1043.947925,0.10189616759336814
21.02820538,171.4914909,36.06158292,49.26199226,929.807177,0.10269155912545477
26.27087359,150.5425038,39.54883087,72.4276315,1813.084793,0.08907954137871217
10.79566596,180.0782365,19.44064487,17.49424824,125.78717600000016,0.0950065555854973
10.27672502,234.9930986,24.14959456,23.53783936,108.47837819999995,0.09305723079333998
29.34988099,248.188084,72.84290729,101.4292735,2528.182686,0.07575943565076196
26.57141371,56.618066580000004,15.04422071,70.78549785,1876.0449589999998,0.08658650655322427
24.94763563,243.9104178,60.84988229,76.74924213,1552.642739,0.09490465503547084
13.1140154,210.6371959,27.62299431,26.54329707,225.4870592000001,0.09951795130629046
19.53207846,65.00096796,12.696040059999998,38.42484617,745.1486484,0.10381742183336809
28.74587077,210.0335757,60.37598024,91.89795141,2375.299301,0.07841989984254087
28.67199191,182.5265821,52.33400685,88.28935908,2357.042742,0.07834113128611721
10.18494214,231.1475883,23.54224812,22.723337110000003,105.59807829999988,0.09287072148509366
25.04982818,141.5594563,35.46040058,65.58611041,1571.841378,0.09342575156163711
10.12475533,150.6676926,15.25473524,13.671337209999997,103.76684499999999,0.09376740354524264
29.68603455,217.4626624,64.5560411,98.40987613,2616.066113,0.07321780597693815
18.33934404,146.7575589,26.91437363,36.79398616,616.7884442,0.10441032975457142
29.47037516,155.2735803,45.75970663,90.59392933,2559.486849,0.07333909425654396
17.35493618,98.8717758,17.15913359,31.08591469,522.7101591,0.10440437399240027
15.86374581,116.0845024,18.41535039,26.7301528,399.21106270000007,0.10363849392141303
16.32583928,107.5296751,17.55512193,27.89662877,435.12597519999997,0.1039811797337824
24.61358133,59.13264357,14.554661320000001,60.78960592,1491.157129,0.09397137941740372
13.993456680000001,166.606758,23.3140445,24.20632201,273.98767469999996,0.10127657081019971
27.28115384,218.5303008,59.617587529999994,84.86215757,2030.383095,0.08576872361602049
21.81145387,204.0625307,44.50900475,56.07142523,1037.615418,0.10177716735972889
29.39822052,99.31712791,29.19746828,87.40519038,2540.74713,0.07274814477101099
29.74169807,167.2619378,49.74654053,93.13627335,2630.829258,0.07193081718813582
13.70364003,148.0861313,20.29319036,22.02643015,257.31838389999996,0.10097785427681824
29.11564107,213.3107846,62.10680241,94.47801421,2468.147239,0.07644506144171648
10.93076973,120.6959846,13.19300015,13.706413939999997,130.58815679999998,0.09602928640758442
10.55727448,57.319390209999995,6.051365356999998,11.333928020000002,117.66391989999988,0.09598952366371817
28.87729155,227.4551624,65.68289039,95.15738308,2408.019736,0.07801538372866923
29.24793475,184.0560856,53.83260382,91.77937095,2501.956388,0.07516407641807976
12.94495345,86.37169206,11.18077533,17.401520790000003,216.9134808,0.10028266208044666
18.84831631,91.14083157,17.17851222,36.28297786,669.5951458,0.10424826444173654
19.88185056,129.639971,25.7748253,41.7075952,785.8888515,0.10369606844561233
27.20562473,145.2776468,39.5236914,77.08077282,2013.592373,0.08502015896779941
22.55834486,116.0600282,26.18122142,52.45121277,1147.933154,0.09985831179185603
25.49132848,153.1340903,39.03591398,68.5717848,1656.423029,0.0920455493139061
19.70193691,228.49005,45.0169655,50.74557246,764.7106229,0.10408141329038446
22.96827404,175.9921415,40.42235736,58.20520702,1211.64106,0.09943731573473145
24.7081872,123.90583,30.61488443,62.9517349,1508.405923,0.09434047132510824
24.75762568,222.088616,54.98386823,72.24815821,1517.444657,0.09524117061626027
10.03475654,189.1446102,18.98020113,16.8364116,101.01054859999999,0.09303359410453836
11.99816147,168.7447697,20.24626994,19.20056099,172.69211310000003,0.09776617346018784
17.27320882,153.3036331,26.48045668,33.43931689,515.3464217999999,0.10429844735960907
11.22394894,67.56740997,7.583731596,12.90617219,141.39140969999994,0.09728574854754327
17.65979405,168.5870275,29.77212185,35.97834325,550.7246188,0.10437703149902565
17.79133697,129.6518556,23.06679852,33.83256342,563.1353527,0.10442631938075549
28.40467075,160.0658088,45.46616598,84.78358821,2291.735136,0.07938205978193963
21.3414371,74.81300417,15.96617023,45.96442105,972.0049611,0.10179760180794335
24.12702561,207.2355113,49.99976488,67.11138821,1404.42346,0.09689369664076315
27.74397364,152.3912093,42.27937694,80.51180069,2135.508315,0.08259724711048555
18.84258641,216.1861115,40.73505487,45.60807438,668.9462225,0.10437999204907028
10.03924289,91.36245192,9.172098461000001,10.84125109,101.17356570000004,0.09435575348828533
15.70672049,237.6168322,37.32181168,38.08637116,387.43001130000005,0.10302826989376883
26.283174,165.6369387,43.5346448,73.6248716,1815.627985,0.08922963210597434
28.0368234,65.13714114,18.26238523,78.88271355,2203.868015,0.07976023814781284
17.03019162,112.7435341,19.2004399,30.43583751,493.90955410000004,0.10429307307578996
15.87982506,246.5369815,39.14964137,40.20152127,400.3789322,0.10316854601397252
28.49010422,172.6668239,49.19295808,86.31646355,2312.472169,0.07914325975389279
17.02147472,133.9494104,22.80016502,31.37644003,493.14626869999995,0.10424651343995338
23.04490376,233.1382831,53.72649296,65.77863106,1223.785795,0.09973333142708546
15.6061847,122.2569237,19.07964131,26.18264442,380.0783649,0.1034034697503528
11.95837598,199.4291521,23.84848782,22.23196919,170.96830019999993,0.09737508433230557
20.02472624,79.25301625,15.87019954,40.59675749,802.9645371,0.10343769773266723
28.46463674,189.4319392,53.92111336,87.82121725,2306.270162,0.07956018129231805
22.37281508,148.2879494,33.17618871,53.31503602,1119.833283,0.1004477930895529
14.1765325,134.9258483,19.12780673,22.55373034,284.8933435,0.10174779011070167
23.64859147,96.32183615,22.77875753,56.81925183,1322.552101,0.09714544928523196
25.36722288,247.4911703,62.78163678,79.50889898,1632.309385,0.09360229661740825
16.41521124,74.7238704,12.26608117,27.36314845,442.31731950000005,0.10413478328945519
21.18418803,90.69837993000002,19.21371534,45.6230849,950.6742038,0.10210749396829161
23.63906263,125.4822653,29.66283128,57.85634671,1320.94756,0.09742498682800262
13.207062909999998,76.22407483,10.066961510000002,17.88552129,230.36037979999992,0.10078670484358014
29.2820188,237.0648948,69.41738706,99.06665369999999,2510.691336,0.07593943959254629
19.02503923,232.0762781,44.15260296,48.6947006,688.5614644,0.10436139331134932
29.59328781,137.6385561,40.73177403,90.18374436,2591.65077,0.07227725698197525
13.79147732,148.4801391,20.4776047,22.29393002,262.2985364,0.10110690068409182
19.67547093,62.4181195,12.281058949999998,38.95559796,761.6811119,0.10370086269964071
13.31707307,217.8745732,29.01451613,28.07680347,236.12341099999992,0.09981946869353234
10.20361645,206.0975076,21.02939918,19.16561423,106.19124039999997,0.09323963281266745
14.75750345,128.657789,18.98667766,23.9080409,321.3781248,0.10251430995507275
18.06374674,145.4174529,26.26784041,35.70492635,589.3970066000002,0.10442714061524831
18.62261475,181.8723594,33.86938883,40.69607102,645.8025175,0.10438624050029169
27.7301031,143.1158074,39.68616094,79.82717899,2132.309694,0.08252058033566723
22.71354528,104.6380788,23.76701741,52.73620958,1171.792524,0.09945085467550636
18.6888331,109.4970886,20.46372815,36.24007593,652.7375243,0.10432004228708949
29.75995399,153.4626016,45.67039963,92.17964861,2635.681243,0.07155886687664467
22.28448663,248.9062062,55.46747024,65.08064408,1106.581963,0.10130319879443973
16.4532593,147.9851357,24.34837811,30.3117895,445.3838577,0.10393276034571673
23.82621762,61.15948399,14.57199175,56.99763061,1352.583582,0.0963532097467855
19.91399845,237.7390833,47.34335736,53.09371593,789.6676086,0.10398416987504866
27.62335388,111.1941792,30.71556162,77.67978898,2107.786769,0.08254851971798814
27.93022524,57.965075350000006,16.18977611,78.20450796,2178.826478,0.0801966914045504
17.347008,64.45715228,11.181387359999999,30.35967037,521.9997318000001,0.10445880483301433
21.24678102,84.22692082,17.89550942,45.74009081,959.1272128,0.10198573482932073
15.31546888,176.8312814,27.08253988,28.98574946,359.2138625,0.10287895507202044
22.53273503,123.5972165,27.8498333,52.6605195,1144.026094,0.09996311874462711
29.84693925,233.4600082,69.68066682,101.8083834,2658.829583,0.07255727046731687
26.65177036,208.6547129,55.61017491,80.11584256,1893.076655,0.08832569070946576
17.32819801,114.1673679,19.78314757,31.51472354,520.2946091,0.10437460547105233
11.90760704,247.2231605,29.43836246,29.28921484,168.7781572,0.09679068976714428
29.33363975,183.2997597,53.76849116,92.20489439,2524.015868,0.07465547229268914
17.79169557,53.48775189,9.516377985000002,31.80746837,563.1833549,0.10449293542810531
15.86761787,142.6176498,22.63002368,28.0789433,399.4966003999999,0.10353733717050605
16.32670786,232.064775,37.88853785,39.15376921,435.15313920000006,0.1036061898821638
19.79846733,109.1920695,21.61835621,40.49981788,776.047031,0.10370981953655534
29.13502797,235.373278,68.57607039,97.92480163,2473.071027,0.07673670503796985
29.73244643,173.0726308,51.45872725,93.5860781,2628.37293,0.07209685815744979
15.92253455,166.6087283,26.52833232,29.97751375,403.6516525999999,0.10349108390596473
17.02937415,123.1654207,20.97430031,30.86834346,493.8359725,0.10427133523445072
20.2361312,241.3847221,48.84692907,55.01476381,828.6133419,0.10377313206036277
10.16374577,136.123234,13.83521945,12.852473019999998,104.97472070000003,0.09405485855397877
13.49673126,176.877248,23.87264682,23.74987939,245.82753960000002,0.10043680552333428
28.72118041,177.4170738,50.95627785,88.07514537,2369.196514,0.07798740141572803
10.58870474,178.6786771,18.91975755,16.916574700000005,118.68933889999994,0.09453305135942404
12.01952559,111.2085556,13.36674081,15.822253889999999,173.63251159999993,0.0983949347653098
18.41294034,222.9482962,41.05133678,44.98549246,624.2159431,0.10443493648209222
24.62900498,168.7207081,41.55423161,65.4617066,1493.937141,0.09505719181843054
15.37756461,127.6891164,19.63547637,25.72885786,363.6161865,0.10317179872735105
16.11931181,114.4548719,18.44933769,27.48257073,418.8185465,0.10382786112376145
16.1094596,72.7369482,11.717529289999998,26.3362956,418.0588487,0.10397237651312725
27.45203854,172.0484984,47.23082007,80.45419551,2068.795608,0.08428665380205262
14.52195212,206.5214886,29.9909517,29.89708323,306.2065764,0.10176758511684866
21.24803652,134.4931589,28.57715551,47.58067297,959.2862585,0.10222586118374033
29.99862294,233.1321698,69.93644057,102.6626131,2699.57386,0.07162515811979098
24.5693099,75.10713006,18.45330354,60.78878429,1483.12318,0.09427520198618355
16.72701311,147.5778588,24.68536779,31.19342805,467.9882841,0.10408617047587258
25.30917941,178.4851614,45.17312972,69.74144959,1621.159177,0.09297621606641943
29.07831415,163.9208223,47.66541165,88.95939376,2458.685195,0.0757704726392717
17.47075614,227.898862,39.81565444,42.35931835,533.2032701,0.10427312949126868
24.1602248,186.8066911,45.13291652,64.89059075,1410.237199,0.09660137637096085
11.51608526,215.0066262,24.76034639,23.201315890000004,152.6803480000001,0.09625866918851672
27.90593674,182.4251821,50.90745592,83.94504849,2173.11728,0.0822796376622317
11.92513449,118.8486944,14.172866650000001,15.899622520000001,169.57182049999983,0.09813215530636134
17.45850193,104.5167593,18.24706043,31.62164421,532.1229745,0.10441431337207582
20.85011686,119.9922686,25.01852822,45.20040332,906.3972546,0.10268399564033912
15.27155285,131.6356288,20.10280463,25.60300676,356.1463261,0.10305004659318254
22.98538652,215.3614947,49.50167197,62.82138896,1214.335933,0.09971381703967479
21.08857455,192.1872102,40.52954308,51.57140979,937.8309726,0.10271557847833437
24.34370481,215.3684729,52.42866528,69.25115697,1442.600425,0.09637741798469435
17.0827873,235.0272792,40.14921021,42.16455721,498.4574321,0.10409464478826252
20.92027779,212.9594318,44.55170471,53.42387872,915.5473901,0.1030118275923656
26.243708,242.455515,63.62931739,83.12589005,1807.429916,0.09041016907067834
26.21392692,239.9722879,62.90616018,82.53620836,1801.284737,0.0904902694815753
24.2847995,114.1923569,27.7313849,60.46420493,1432.186621,0.09553388512874253
20.83871779,128.4614119,26.76971109,45.54512909,904.9093173,0.10273350338256854
23.46522202,165.0411589,38.72727435,59.55715191,1292.006942,0.0982051820000102
11.7376058,188.1092393,22.07952098,20.43340059,161.67524149999997,0.09702552768864098
19.42634401,142.9411342,27.76823646,40.65888142,733.0964587,0.10403600229310254
27.20287001,207.5538057,56.46059196,82.94073735,2012.958792,0.08595281568861667
22.14729643,176.4013626,39.06813268,54.53943288,1086.29984,0.10104804061827191
28.83366212,169.1740558,48.77907564,87.97974509,2397.144586,0.07722997430553212
15.24357043,79.0790238,12.05446668,23.73116398,354.2031648000001,0.10328545364943739
11.92603604,84.26288615000001,10.04922217,14.821319780000003,169.61731069999996,0.09849505849089342
22.53226871,112.6574458,25.38427841,52.20012785,1143.957651,0.09988820599679385
11.8185186,242.4950008,28.65931677,28.22737187,165.01916960000005,0.0966428120597295
25.64270727,65.2420696,16.72983292,66.03254828,1686.12795,0.09044834547550544
15.13484816,242.0502475,36.63393744,37.08768082,346.6257360000001,0.10237114937595287
20.77503717,145.4214463,30.21135952,46.235502,896.6339637,0.10288001212864187
26.22754081,137.1922506,35.98215352,71.37058293,1804.131475,0.08907752469510588
25.76070737,219.3759728,56.5128024,76.91905246,1709.468595,0.09189678322609823
19.91950054,216.2952296,43.08492943,49.79772539,790.3321102,0.10391401932705693
29.51692827,76.79680177,22.66805689,87.57783367,2571.653686,0.07162208786278981
19.95266314,212.34888,42.36925671,49.38612229,794.287919,0.10387954303849935
15.57582833,152.1406725,23.69716997,27.78221015,377.8564612,0.10324639452461802
16.04862489,114.625419,18.39580352,27.26189794,413.3326132000001,0.10377894063164586
24.87285448,71.67584583,17.82782883,62.2341184,1538.776116,0.09325380028564595
18.74214078,168.4455477,31.57030168,39.90624165,658.3227587,0.10435013479407688
18.3757697,206.0663012,37.86626892,42.51715058,620.4501524999998,0.10442658267802887
10.40973191,227.1349031,23.64413448,22.5542015,112.75088619999985,0.09349280149934362
16.10556321,244.3238206,39.34972735,40.52361436,417.7011671,0.10338541684706797
27.2076616,74.63770422,20.30717399,74.4414757,2014.060215,0.08398255565623795
26.07008996,129.3568001,33.72343415,70.12950992,1771.835864,0.08959778388754468
24.9302172,59.73529193,14.89213802,62.36472671,1549.448645,0.09293353256570203
10.46256773,177.1487967,18.53431284,16.50576207,114.4974545,0.09424856768345141
10.53980583,227.5339219,23.98163357,22.888565369999995,117.03230360000009,0.09381295755236663
16.22929919,187.4526138,30.42224553,32.92581558,427.4286197,0.10366180988091592
19.48906544,127.7418272,24.8956883,40.06685506,740.2245219,0.10396875732844184
28.19482536,201.9847712,56.94925349,87.73536166,2241.301704,0.08115842712553127
17.69259632,249.3225886,44.11163914,46.80112568,553.7655796000001,0.10433328005736546
15.77050006,50.22440786999999,7.920640273,24.99755783,392.2234902,0.10384223141225524
21.42305937,215.6111621,46.19050725,55.91811631,983.159407,0.10240627808958387
28.29388599,115.2543234,32.60992686,81.58538606,2265.036739,0.07922459275868289
24.77277423,199.4132941,49.40020513,69.29883592,1520.241466,0.09494682727368127
27.13332564,97.40817204,26.43007652,74.54597905,1997.593049,0.08465472815819138
13.6439529,90.36408093,12.32923264,19.35362807,253.98418319999996,0.10132473689156588
12.51328891,211.9196273,26.51811522,25.17553523,195.89117,0.09837979823905968
20.88142267,203.4776337,42.48902475,52.02799576,910.4592315,0.1030114122294816
23.94741651,212.2440982,50.82697822,66.90895393,1373.28842,0.09742007070559204
29.09976096,201.4680273,58.62671437,92.85706832,2464.115786,0.0763208010127825
17.43068817,69.17240918,12.05722694,30.71386668,529.5898791,0.10446193475353524
16.93113704,226.5756832,38.36183943,40.29795183,485.30239730000005,0.1040267254757421
20.31708596,125.5235098,25.50271938,43.25616562,838.6410079,0.1032973692580342
23.69875873,93.93290262,22.26093196,56.99192321,1330.987326,0.0969913303199957
21.32047554,163.5133922,34.8618328,49.82806471,969.1225079,0.10227008354991951
24.46061387,119.1729513,29.15043544,61.52468025,1463.517236,0.0950578864766131
17.60629874,191.9739549,33.799508,38.07318355,545.726285,0.10434543444308393
27.2439526,188.9237224,51.47028939,80.96639351,2022.1002479999997,0.0854916108630274
13.65951187,220.0214906,30.05386164,29.3093472,254.8138563,0.10038383372025238
16.31809286,248.7117115,40.58500803,42.01270398,434.4565711,0.10355440257135556
25.47355328,209.912786,53.47224537,74.13965803,1652.939691,0.09278804514690223
16.71344508,78.30979444,13.08826448,28.4141535,466.865983,0.10425832233531776
23.36309205,202.528559,47.31693366,62.89068641,1275.196144,0.09877080456728399
15.75595219,163.3799077,25.74206013,29.18610186,391.1148661,0.10336167647720372
13.74208685,162.6362482,22.34961447,23.186313179999996,259.4859210999999,0.10092951834242303
16.01465128,117.4491291,18.80906846,27.26703384,410.7124546,0.1037445812271671
27.73986594,82.14659617,22.78735565,77.50434667,2134.576387,0.08153211442262392
19.21766257,84.61038823999999,16.26013891,37.53757429,709.7367779,0.10405790886246756
14.50830307,61.519901250000004,8.925493724999999,21.28192007,305.3827317,0.10263510375772489
16.42877178,211.069965,34.67620285,36.39373306,443.37546239999995,0.1037399490980871
10.05541913,198.7896856,19.98913608,17.96678481,101.63228749999996,0.09295886403028615
25.11616576,221.3457216,55.59355832,73.92677467,1584.333451,0.09411328393899143
14.51354905,190.828626,27.69600623,28.01344274,305.6814895,0.1018482399238948
21.95842081,83.55720061,18.34784172,48.80060457,1058.767122,0.10081034821894566
10.50219076,197.191804,20.70945942,18.69732699,115.79609000000005,0.09409423345859028
26.68996864,161.5703863,43.12308544,75.45323587,1901.2456240000001,0.08751023659303252
13.74889507,71.73459066,9.862713601,19.27234712,259.8931266000001,0.10161392052542889
10.09536756,231.0244699,23.32276938,22.52195324,102.83502599999997,0.09264113238359888
16.02375617,230.4634205,36.92889656,37.91676929,411.3740705,0.10335595500281784
28.40974238,175.5728409,49.87979179,86.12352342,2292.957726,0.07961452329460031
15.25228436,133.928244,20.42711661,25.66545854,354.7992766,0.10301962329536674
20.06957676,97.58482064,19.58486049,41.2080716,808.3687679,0.10344736989862709
18.14459689,69.52010514,12.614142830000002,33.25863342,597.3631912999999,0.1044449810097689
15.88498517,211.1998998,33.54907275,34.65393089,400.78559959999995,0.10329625255604555
28.54707157,243.3506156,69.4694744,95.90463669,2326.342401,0.08005109558433435
25.77989816,52.80812642000001,13.613881209999999,66.60758085,1713.337362,0.0897752636604211
25.23826631,145.8722574,36.81562879,66.80098288,1607.580788,0.09284059030165338
20.52214249,71.20715752,14.613234329999997,42.47688623,864.3020603,0.1028899194089497
26.49723347,133.7078084,35.42887016,72.6007367,1860.361845,0.08793501413029652
19.16857316,166.1225589,31.84332425,41.3278549,704.2913324,0.10420514773657193
19.30379101,135.8201321,26.21843444,39.76912341,719.31097,0.10409050571825235
19.87548127,53.44469662,10.62239066,39.65613155,785.1477323,0.10350822622775914
14.7382045,247.5689535,36.48721866,36.89506411,320.07413540000005,0.10183380825847224
28.47303719,235.1608521,66.95743686,94.07592708,2308.29325,0.080294177076831
15.1750135,204.4746215,31.02905142,31.57716099,349.4099709999999,0.1025949302135324
13.96319,130.1361798,18.17116204,21.70097904,272.2243224,0.10148661622042238
14.87503587,187.8980363,27.94990029,28.76053565,329.0996923,0.10232526539168096
26.34704233,191.9536753,50.57411609,76.48943005,1828.886938,0.08932710205324185
25.37091275,118.0509282,29.95059801,66.01348169,1633.06913,0.09205996280632797
18.54213617,57.93730278999999,10.74281358,34.57556131,637.4953357,0.10434507570365621
10.27563809,174.4629034,17.92717656,15.86905437,108.46872870000004,0.09382686623524157
29.51470067,239.6167491,70.72216623,100.8696355,2571.0199729999995,0.07464831377167022
12.65061955,199.557458,25.24525479,23.95082988,202.41838340000004,0.09875625830049876
27.02845353,95.59747773,25.83851984,73.92738369,1974.520209,0.08510596911832019
25.63446173,161.1620603,41.31302667,69.89845882,1684.480204,0.09163038073919458
28.76151563,128.0429462,36.827092,84.82174176,2379.207454,0.0769175728171599
25.46797078,159.3001059,40.57050443,68.9042365,1651.871868,0.09220121212616651
16.62743182,194.8118981,32.39221553,35.04058685,459.6631312999999,0.10391440330663834
14.63828087,147.3434309,21.56854526,24.62676533,313.646299,0.10226401271282479
17.55381641,232.4632522,40.80617251,43.37576678,540.843064,0.10429822889095014
14.06174341,188.4229376,26.49555001,26.46288065,278.0110443,0.10122920754779612
24.39149495,120.4637683,29.38291396,61.24261493,1451.145349,0.09527904662941135
26.53037265,172.4667651,45.75607549,75.51605416,1867.33885,0.08832374214530384
22.92877785,141.0753444,32.34685231,55.38060253,1205.412107,0.09925291604376942
13.72185463,208.4061678,28.59719138,27.88066178,258.32439940000006,0.10056814583314692
10.74769422,51.48991552999999,5.533978675,11.687803760000001,124.1471148999999,0.09647729500792931
21.60802534,167.1131023,36.1098415,51.35760824,1008.865381,0.10187299961488447
19.2534621,54.698280229999995,10.53131265,37.23323218,713.7147673,0.10399306781508838
13.99407856,245.8668792,34.40680424,34.44620475,273.99151629999994,0.10074849182860718
17.36167804,151.5065083,26.30407219,33.62050049,523.3063995,0.10432709422684214
20.82932511,105.7599012,22.02907366,44.56901953,903.6915485,0.10265073892795602
22.65834225,72.13990283,16.34570608,51.71547533,1163.275159,0.0993392110434795
19.53287555,118.3390426,23.11501791,39.81055795,745.2301006,0.10392183071775507
29.42785643,176.8158444,52.03311285,92.12781621,2548.417379,0.07398653533352599
10.92452801,244.5776642,26.71895543,26.56473513,130.31930239999997,0.09455483596471218
23.16415826,68.8800677,15.95548789,53.98462177,1242.933555,0.09814806220687723
28.19115804,92.04739975,25.94922793,80.25403133,2240.459544,0.07938658344702008
14.73128422,105.388667,15.52510407,22.87160129,319.67357460000005,0.10261928698792998
14.27414376,203.2008252,29.00517791,28.765397,290.79607309999994,0.1014421778438343
25.24465615,65.79468205,16.60964125,64.01408765,1608.819088,0.09191067936674596
19.72747588,228.8794682,45.1521419,50.90736703,767.6883124,0.10406833622822456
29.84355013,93.7973994,27.99247391,89.88897349,2657.969644,0.06991660573564851
21.78247241,193.6055194,42.17206884,54.70454491,1033.488782,0.1017589887620502
28.46883867,202.1103529,57.5384703,89.30340142,2307.286714,0.07975274598736838
10.24421039,228.6167418,23.41998003,22.44317919,107.45441879999998,0.09305481060178311
13.09079241,91.5077838,11.979094020000002,17.90314099,224.32702510000001,0.10047414374090842
23.6883809,194.6535355,46.11027091,63.48936119,1329.210469,0.09791697738111621
18.3293274,120.615195,22.10795398,35.35113719,615.7853121,0.10440850644388777
26.71929139,127.6574194,34.10915787,73.47241174,1907.528777,0.08691637975871826
18.57796185,151.6624114,28.17578493,38.00252764,641.1780121,0.1043742552220785
24.25993393,76.23474531,18.49449884,59.29749566,1427.799,0.09523876985351834
21.32320034,121.7449057,25.95991015,47.27236861,969.5060476,0.10205595935623192
12.398071350000002,238.0978702,29.51954382,28.86912743,190.5167583,0.09791141230680533
24.35902413,86.12574564000002,20.97939117,59.9750558,1445.364648,0.09503663383400365
24.12743603,113.0327904,27.27191419,59.65747039,1404.525304,0.09597985936473966
12.31436302,211.4556683,26.03941863,24.61927663,186.69464260000007,0.0979886759513042
21.23822916,99.99573852,21.23732409,46.10610993,957.966615,0.1020733274543796
16.71300035,82.95808458,13.864784969999999,28.50335924,466.8279653000001,0.10424575531066997
19.17699564,88.10289810999998,16.89548893,37.45958151,705.2399868,0.1040858548327984
18.45517386,247.135283,45.60924614,49.15334122,628.5100434,0.10445214701060404
12.09548808,132.661522,16.04605859,16.96480386,176.94039799999996,0.09832379962501833
13.16045973,129.1934659,17.00245404,19.476131909999996,227.91944489999992,0.10026845134092248
11.73617232,201.4036033,23.63707395,21.94339131,161.61082269999997,0.09688389086484553
13.84894027,62.54793535,8.662226208,19.424017459999998,265.6092709999999,0.10181783213209172
27.04888773,83.90756992,22.69606438,73.75498233,1979.004077,0.08484695619479092
10.49045299,193.9760203,20.34896321,18.30363722,115.40939279999998,0.0941055928973599
18.63234501,113.9302534,21.22787788,36.19525442,646.8354845,0.10433973034468111
26.01872777,190.3356621,49.52291778,74.59283596,1761.364501,0.09057663033109555
12.00516409,54.5720688,6.5514664069999995,14.574918150000002,173.02020660000005,0.09895349222218379
14.5542718,168.0719238,24.46164461,25.93040731,308.27027439999995,0.10203627344300159
24.54879415,158.8491497,38.99555078,64.27257834,1479.391385,0.0951969249703976
22.95104865,78.97127507,18.12473576,53.1675648,1208.941707,0.09873178671271028
21.26047673,73.74717255,15.67900046,45.60187182,960.9848438,0.10191552535117981
13.43281633,235.6308397,31.65185791,31.12672564,242.32696099999998,0.09988625867746426
25.89062024,151.0033877,39.09571365,70.47560437,1735.48817,0.09056017975921027
12.82828224,59.98010586000001,7.6944172659999985,16.67226773,211.1048048,0.1003281736754643
12.69595789,79.71156788,10.12014709,16.625216730000005,204.63642289999996,0.09992814985614643
25.90070089,184.5105641,47.78952932,73.36613564,1737.504908,0.09094464708902653
17.38446656,145.3528886,25.2688243,33.29290541,525.3716602,0.10434178029723908
16.25234232,169.5325573,27.55301155,31.28644713,429.2584035,0.10373485343592025
15.57344103,141.6550168,22.06056051,27.09567648,377.68581559999996,0.10328977916369185
16.49944213,235.1029945,38.79068252,40.21810515,449.11166390000005,0.10372973514515037
16.81175199,215.0497455,36.15362988,38.20877557,475.1127147000001,0.10398030380609682
23.92735387,246.0288998,58.86820548,72.14400965,1369.824178,0.09779905364313132
14.80524402,237.8465883,35.2137678,35.37474431,324.4673464,0.10197411011591903
16.50652907,195.7395797,32.30981063,34.74611314,449.7076588,0.10383437998756614
25.52423017,60.506084200000004,15.4437122,65.37014451,1662.865032,0.09083557243737315
28.26301147,249.8203553,70.60675567,95.47112254,2257.580776,0.08161330806714642
22.2567194,144.6637391,32.1974025,52.56362036,1102.491394,0.10064267483416955
12.10236459,62.19940713,7.5275990230000005,14.88735783,177.2561114,0.09905302988337958
20.83169321,248.2846621,51.72189911,58.7015201,903.9493514,0.10327224646031188
22.55557748,164.0753435,37.00814124,55.29243368,1147.497277,0.10020213013523901
16.28105394,141.8008045,23.08666548,29.3585269,431.5462135,0.1038427910740538
26.56000746,53.957886169999995,14.331218590000002,70.7004955,1873.6303090000001,0.08660008332841311
25.64157622,135.6802339,34.79055058,68.24679758,1685.89069,0.09129604799240754
21.50613413,86.65414944,18.63595761,46.90206149,994.6808849,0.10159911998391884
12.90031179,193.7897984,24.99948821,23.919480689999997,214.64691129999994,0.09927181448916722
23.94762931,51.5733805,12.350601989999998,57.48607055,1373.367419,0.09592311363985724
27.90697328,156.6071361,43.70431162,81.72083028,2173.368202,0.08186418784491345
15.0020222,58.74324367,8.812674454,22.708776340000004,337.63306580000005,0.10316651627686808
29.17371791,192.9659992,56.29535627,92.29583987,2482.954866,0.07574949872389543
25.42604794,240.6038986,61.1760626,78.57700786,1643.695208,0.09332212891125233
16.0064315,58.66410965,9.390030524,25.82247615,410.090696,0.10396219930293774
22.33642248,70.61683223,15.77327399,50.2437245,1114.394354,0.10000471253014752
16.15695864,153.1185947,24.73930803,29.69464327,421.7496179,0.10372000710623475
11.98935752,246.4924209,29.5528576,29.35098247,172.27989409999998,0.09697520014525679
26.48297339,132.2913462,35.034682,72.45001886,1857.360223,0.08797504888287308
23.31614069,173.1145909,40.36364157,59.55225426,1267.534339,0.09863005322263906
22.28001303,202.3306661,45.07929875,57.92284983,1105.936637,0.10098654949654925
12.84345761,235.5840178,30.25713348,29.57031316,211.80298909999988,0.09881172281249039
17.54754226,85.40333022,14.986185460000002,31.41453268,540.3100289000001,0.10445149128386441
27.5327216,232.2852031,63.954438280000005,88.33835282,2087.066093,0.0848390634710713
13.26608922,175.2848494,23.25344451,22.984500470000004,233.43801599999995,0.10006726685573565
10.95805774,211.1213832,23.13480308,21.41805558,131.53872149999995,0.09502165677078309
13.82302954,109.1110445,15.08245191,20.406605550000002,264.1132152,0.10143979007869919
15.00360014,150.0201919,22.50842973,25.88716487,337.720562,0.10267530656417959
25.67285048,91.79183803,23.56558133,66.68293945,1692.076958,0.09065236833254987
22.96282942,220.9208267,50.7296726,63.51141796,1210.761752,0.09980590231157237
10.34685494,90.9158185,9.406927854,11.45722232,110.76248039999996,0.0950815701194127
10.34579305,159.6653557,16.51864728,14.77389643,110.7111519,0.09418838596783634
21.33792858,133.5826427,28.50376888,47.91441134,971.5133983,0.10209382367126305
22.66584885,59.917902639999994,13.58090125,51.58918496,1164.433324,0.09923684250270298
12.508437620000002,132.4295298,16.56486513,17.968594690000003,195.69074280000018,0.09910592518727239
22.20924304,206.8794839,45.94636737,58.17930768,1095.429172,0.1011418410009423
14.80703821,155.7865042,23.0673672,25.70568847,324.61764529999994,0.10241877090127671
16.73442685,110.9593781,18.56841597,29.37023424,468.6203211999999,0.10418170658999464
18.17663161,139.0826631,25.2805433,35.72940691,600.5182725,0.10442451485816359
12.32389592,204.85312,25.2458853,23.784461439999998,187.1314079,0.09806993116191436
29.26187211,183.630752,53.73379579,91.81779136,2505.535029,0.07507620975323723
29.47528907,72.18064824,21.27545472,87.25533109,2560.786287,0.07179136079881945
18.90003378,156.2493156,29.53117344,39.53577484,675.1061063,0.104292654060155
15.14932956,89.7390478,13.594864099999999,23.67289585,347.67237220000004,0.10314227773656137
29.17188893,245.6814618,71.66992317,99.92909126,2482.464774,0.07671893826479291
26.36114793,197.7250746,52.12259941,77.22111437,1831.823753,0.08934891124504708
24.48457211,66.20015899,16.20882567,60.23954677,1467.83169,0.09445201850564462
19.23623575,99.64585184,19.16811097,37.9926897,711.7938221,0.10406939063787259
18.21157403,65.62513512,11.951370059999999,33.4487679,604.0033593,0.10443409802161943
25.58698545,124.0192715,31.73279296,67.37689551,1675.148754,0.09135518973383869
20.39227356,214.5369109,43.74895375,51.45877642,847.9561081,0.10354432469013927
23.21164278,63.35110967,14.70483327,54.13228704,1250.593713,0.09798792447294562
21.32385963,83.07143988,17.71403723,46.04396368,969.6039012,0.10186475553856991
24.24370814,103.4890487,25.08958294,59.88410443,1424.931139,0.09555060684478842
11.88210008,174.8160603,20.77181925,19.46092353,167.7260404,0.09746651146408818
17.55242185,244.9366896,42.99232103,45.50347861,540.7082054,0.10428910401831804
13.34178377,214.5464131,28.62431853,27.67592587,237.4419825,0.09988807379402245
14.840878,90.18530338,13.38429085,22.75867813,326.8646679,0.1028271193795553
14.01648553,192.0125613,26.91341288,26.72546394,275.3336223,0.10113815876503106
20.06644599,161.2775504,32.36267255,44.46112684,807.9740276,0.10363762833993298
10.37985977,148.325573,15.39598648,14.037382040000004,111.81215409999993,0.09441588404922052
29.27935204,231.6771614,67.83357168,98.1631567,2510.007952,0.0758552019354813
20.37927653,167.6259512,34.16095613,46.24152218,846.353645,0.10338275928355403
11.05143028,77.44193496,8.558441453,12.677850030000002,134.96966439999983,0.09680886621033874
23.64107681,82.99355811,19.62057082,56.46170514,1321.294107,0.0970496507355328
15.377761,234.3946828,36.04465412,36.52540051,363.59148270000003,0.1026893273863567
12.13535185,66.04103916,8.014312469,15.014709090000004,178.70903899999996,0.0990740639251911
26.60607372,77.58282208,20.64174284,71.2552942,1883.3931319999997,0.08671916124901571
13.95815206,180.6227368,25.21159625,25.37574056,271.91406440000003,0.10112842704991365
12.09508538,94.86748228,11.474302980000001,15.48290111,176.93132279999998,0.09870600568544732
11.13812905,215.2198207,23.97146137,22.374681690000003,138.13099139999986,0.09539622205501401
24.57115487,133.2012956,32.72909663,62.7375005,1483.44522,0.09486380731546072
23.10542495,146.4799626,33.84481781,56.52899585,1233.486289,0.09889936962999725
10.16398281,75.72763154,7.696943452999999,10.76492795,104.99486170000011,0.09485917578524347
14.42961081,55.63272194999999,8.027585259999999,20.993550069999998,300.4411246000001,0.10258349053536879
24.09364062,201.8472464,48.63235017,66.27407511,1398.603573,0.09693098743185619
13.04281709,64.79794075,8.451476893000002,17.28357963,221.87378560000013,0.10062845544680829
21.53501566,178.0318041,38.33917689,52.01846554,998.6695143,0.10204215813307672
14.26312934,157.5062903,22.46532589,24.25113835,290.1398141000001,0.1017168791743297
18.9846857,153.6981093,29.17910297,39.67265626,684.2191742,0.1042601899686542
27.34846124,109.9370044,30.06607904,76.12254777,2045.4841620000002,0.08384070319004275
16.05192855,201.2057271,32.29739955,33.91200228,413.5605861,0.10347662614047257
23.7194478,130.1227103,30.86438834,58.46444767,1334.468148,0.09725656175339197
18.76562466,80.25091436,15.05958537,35.73169955,660.8225338,0.10427339707677889
11.92310509,61.20862808,7.297969046999999,14.445361380000001,169.49563390000003,0.0987317062697254
17.21269987,118.5095992,20.39870162,31.29211473,509.9587271,0.10433817297274964
26.82560133,171.6109959,46.03568159,77.01528979,1930.37539,0.0870751420126054
29.46092485,94.06441864,27.71224768,87.62690205,2557.0406129999997,0.0722762534900043
26.90163341,198.4409587,53.38385924,80.18415764,1946.826129,0.08713242599479346
13.24456782,71.74516265,9.502336721999999,17.911156439999996,232.32917599999996,0.10088178418340053
16.91018597,144.3929514,24.41711662,31.60593444,483.5333412,0.10417961340338097
26.62376317,157.3408507,41.89005545,74.77762919,1887.1335119999999,0.08772969265758909
21.07791869,214.2024193,45.14941176,54.25604591,936.4010564,0.10283613247294666
25.52371594,73.58953659,18.78278428,65.54452579,1662.762776,0.0909906784614115
25.55566533,50.33499881,12.863443839999999,65.43673242,1669.017603,0.0905991991594952
11.42175801,156.7419424,17.90268536,16.89649737,148.9797534999999,0.09668681863848198
16.84813131,80.14501444,13.50293727,28.9007422,478.2438382,0.10430409664981154
19.58043011,164.3386733,32.17821906,42.77765167,750.6734532,0.10399058599543096
28.90449443,56.580561149999994,16.35432515,83.72811457,2414.880012,0.07488535605990534
27.96457602,148.1350039,41.42532578,81.45242267,2186.856872,0.08144315245857447
18.46063966,128.1480012,23.65694072,36.18395663,629.1133472,0.104387131929704
11.91331855,81.24947649,9.679508954,14.729082470000002,169.075744,0.09850241002858706
18.09084574,143.5694483,25.97292741,35.68715019,592.0542344,0.10442725238819343
20.71806665,145.4338817,30.13108854,45.99990264,889.2775906,0.10294547668691259
28.08794383,63.57628686999999,17.85727174,79.15023066,2215.945381,0.07946987352681262
15.89758534,185.3815586,29.47119148,31.64420436,401.75042659999997,0.10340082238740697
16.17728291,232.7399946,37.65100738,38.77748619,423.31257730000004,0.10348226828794539
22.54366469,172.6885467,38.93032693,55.97148463,1145.677132,0.10028700323495622
20.1038311,175.4382589,35.26981126,45.81614345,812.4937509,0.10365116023041483
13.91737918,199.6806111,27.79030779,27.33107883,269.53063710000004,0.10093625310392107
12.89454498,237.2141217,30.58768162,29.97509563,214.34041349999995,0.09889526750248347
19.7899442,246.495402,48.7813025,54.14124561,774.9963574,0.10408461875533852
25.58781913,148.5369751,38.00737251,68.75085466,1675.305819,0.09164596024100874
25.57662503,239.0015668,61.12853456,79.06856229,1673.072967,0.09278971311167758
29.51607375,121.8485281,35.96490142,88.92895381,2571.4213929999996,0.07245176625134275
17.65436396,195.5289604,34.51939432,38.64303668,550.2069236,0.10435421205223264
17.83978654,237.359137,42.34436337,45.19846022,567.7091098,0.10437681030860137
10.0363899,53.24655548,5.344031914000002,10.223876619999999,101.09283919999996,0.09486700599799124
26.5983473,234.1086484,62.26903138,83.57796768,1881.7040000000002,0.08890087056399086
22.93256888,227.0100225,52.05922979,64.28890397,1205.978491,0.09991764236533876
25.39844237,91.09716052,23.13725982,65.26407484,1638.396645,0.09165034004353845
19.412464,131.9427199,25.61333301,39.98135101,731.5291806,0.10402304734486317
28.40386977,74.58392866,21.18472197,81.09287448,2291.561326,0.077972842549252
10.58227596,199.4373614,21.10501194,19.13112957,118.46538109999995,0.09426158442194818
12.30562365,205.482712,25.28592922,23.818963689999997,186.2998343999999,0.09802737816193464
17.5203467,226.1883841,39.62898909,42.26832063,537.7578661,0.1042918345421612
11.70211816,138.2903921,16.18290509,16.338654569999996,160.2291781,0.09747851014773762
11.75775764,176.012298,20.69509942,19.27740538,162.51398110000002,0.09719472149090301
21.33745359,218.7295041,46.67130641,55.99327984,971.4185217,0.10253656727842786
14.32244039,68.67566345,9.836030961000002,20.837128119999996,293.7947958,0.10237335497141076
22.53070421,73.83163352,16.63478696,51.16572759,1143.726617,0.09962467593228326
28.58799644,213.5569307,61.05164775,91.4669516,2336.375701,0.07932259774580241
26.47764419,138.3938947,36.64344304,72.7572045,1856.23751,0.08807908670189524
14.96860775,210.5738776,31.51997776,31.74305347,335.3411133999999,0.10232125134383074
11.79325852,50.03007622,5.900176226999999,14.033320359999998,164.0192528,0.09860650160171831
29.00384936,73.00561592,21.17443887,84.51143458,2439.865994,0.07459812957805732
29.88991863,123.6686529,36.96445971,91.23210398,2670.3716629999994,0.0701903329799131
17.48989799,129.5314401,22.65491674,32.7629827,534.9931349999999,0.10438646393672393
19.21354522,216.7515761,41.6456621,47.09929107,709.2408691,0.10427591123108117
12.90667323,151.9564997,19.61252886,20.167015150000005,214.97912910000002,0.09964339723928048
24.20361586,233.5929068,56.53792983,71.32764994,1417.829606,0.09695016900829063
18.43667214,134.9395411,24.87836078,36.44815884,626.6643354,0.10439357567660536
26.06030291,63.39277052,16.52034802,68.16869169,1769.853797,0.0888016665499949
21.54593423,141.5924089,30.5074073,49.26143088,1000.201,0.10182716926031628
10.85567618,132.2017567,14.35139462,14.095100899999998,127.9120044,0.09572255624191307
16.69909081,159.8914504,26.7004185,31.97363243,465.6446697,0.10404131670627381
26.17192341,177.9658308,46.57708094,74.13346229,1792.665454,0.08982885267153175
23.76227763,61.780894090000004,14.68054757,56.70039399,1341.7233,0.09653606995596103
22.65063895,173.5058865,39.30019191,56.52841646,1162.064199,0.10008085507039742
23.45009285,76.45473406,17.92870612,55.43758832,1289.530834,0.09749345463749914
22.10073751,136.3626368,30.13714842,51.37989155,1079.475571,0.10087481221785582
22.82248653,228.4660346,52.14162998,64.01176884,1188.693283,0.10015299201847523
22.40842209,76.76730561,17.20234187,50.66614463,1125.204744,0.09989867838744543
20.66855879,91.75190132,18.96379567,43.4913375,882.9303442,0.10279216457785094
25.15494251,134.6037527,33.8594966,65.71588697,1591.714028,0.09299576941473327
17.38985127,62.07877425000001,10.79540651,30.4799303,525.877295,0.10446818482669448
19.50476677,107.2553228,20.91990056,39.2774262,742.0198988,0.10391826232489831
18.02899114,65.49382557,11.807876009999998,32.78538406,586.0181903,0.10446335306912036
14.18420982,145.4087242,20.62507854,23.19365885,285.3535386,0.10168852423878863
16.43777925,164.675745,27.06903544,31.48575215,444.12264160000007,0.10387491789654867
11.10030155,199.8564711,22.18467096,20.30445834,136.73430399999984,0.0954833796015825
16.51055268,234.647876,38.74166118,40.17945921,450.0198816999999,0.10373894705264143
17.81166186,137.5241788,24.49534171,34.32651083,565.0654965,0.10442197057053935
11.86768195,175.5619903,20.83513864,19.49536134,167.11583569999993,0.09742897462647326
14.40910259,62.01365817999999,8.935611629,21.000709300000004,299.1611664999999,0.10251877267760638
14.99083495,145.0627657,21.74611977,25.5250989,336.8606937999999,0.1026873802360374
14.54940416,224.0014726,32.59087958,32.40816182,307.9391204,0.10170461534088385
17.00443403,168.4557374,28.64494474,33.69540264,491.6561534,0.10417131885841176
12.8975221,125.0202826,16.12451858,18.588683540000005,214.5295896,0.0998629886640654
24.63002714,67.84925407,16.71128969,60.97616916,1494.14702,0.09400776149696169
16.85309711,149.7171758,25.23198102,31.75863354,478.65084719999993,0.10414225591182096
12.44730468,233.7406635,29.09441254,28.26388988,192.79817059999982,0.09805072745477238
21.87199563,64.77884563,14.16842628,48.11025066,1046.317501,0.10085750902780959
13.5929635,156.1742838,21.2287134,22.286020009999998,251.13097040000002,0.10074716629371193
11.16112641,135.2646571,15.09705937,14.931947790000002,139.01668430000007,0.09636454886480049
13.26584284,201.8927719,26.78277782,25.82754758,233.41497249999998,0.09985526423964035
18.39989624,80.23009529,14.76225429,34.37204872,622.9334246,0.1043911812596773
23.87017944,84.23905547,20.1080137,57.57632538,1360.081036,0.09643812200329917
22.8300177,193.2008703,44.10779287,59.33249782,1189.885359,0.09986338245267148
10.10411959,185.9915027,18.79280385,16.64329739,103.12163029999999,0.09325031695379707
25.86581305,153.5365587,39.71347924,70.52341868,1730.503519,0.09068515792825647
16.71375557,50.91161418,8.509242750999999,28.06692504,466.8955434999999,0.10433219719654742
23.59431382,221.1329552,52.17480341,66.48251818,1313.426837,0.09838872000575054
10.65346343,247.4795346,26.36514172,26.5067896,120.85160410000003,0.0938549928658924
17.87576487,183.4888415,32.80003386,38.13202771,571.1738308,0.10440174393139658
10.39221003,236.6455891,24.59270664,24.05222447,112.17781909999997,0.09333046911230236
26.3269107,201.5629206,53.06529012,77.49964264,1824.693947,0.08953583588074225
13.73934361,186.8323846,25.6695433,25.39859102,259.3220824,0.10075019765489333
23.49095815,120.2526992,28.24851124,56.92145109,1296.275607,0.09775812535936902
15.54132325,65.93193302,10.24669484,24.43988027,375.36947399999997,0.10360306644649092
12.70702229,56.43417818,7.171103597999998,16.326574040000004,205.17509050000012,0.10016183595693268
28.60590678,140.1123067,40.08039585,84.58039921,2340.795721,0.07797415810948122
21.90049232,141.9071483,31.07836411,50.82083126,1050.3966,0.10125846551411469
27.81262095,127.2370486,35.38795804,79.41406288,2151.406531,0.08186919241300489
16.13198803,55.98460288,9.031429437,26.19957497,419.81739660000005,0.1040469764278605
26.59670667,89.86904738,23.90220692,71.46430307,1881.402542,0.08692520769818787
28.83364667,77.30289994,22.28924503,83.59985992,2397.163377,0.07564480066494432
17.90367654,52.547720319999996,9.407973873,32.19926142,573.884611,0.10448556862814858
28.08262102,173.8267128,48.815097,84.1156607,2214.659646,0.08126364300900504
16.70171485,69.78919293,11.655992000000001,28.23463836,465.8849209,0.10427660276351675
16.49199998,79.6779071,13.14048043,27.70444702,448.5530668,0.10415711458083195
29.91465344,69.82263259,20.88719856,89.82904837,2677.017049,0.06901507432566757
29.04820896,202.9330818,58.94842567,92.73700123,2451.042171,0.07663601786759823
14.57236692,226.6756807,33.03201191,32.88240681,309.39848029999996,0.10172108029500065
26.74404054,73.75880596,19.72608497,71.92564501,1912.845222,0.08606770843635526
16.84915755,173.1329867,29.1714497,33.57907768,478.3076841000001,0.10408870684233175
29.58486748,173.9377289,51.4592466,92.78880844,2589.427826,0.07300271815756933
26.99635258,106.2652981,28.68775454,74.08028631,1967.491124,0.08540208739812762
28.09838603,167.702645,47.12173657,83.66842862,2218.393675,0.08108499483238184
21.47347023,136.6563498,29.3448606,48.66304396,990.144347,0.10191043873552211
15.88302705,71.52904987,11.360978339999999,25.5930264,400.67687749999993,0.10383101722125798
13.95050013,241.6494133,33.7113017,33.57262728,271.4412919,0.10070669228247651
20.55743841,185.7270885,38.18073183,48.6674,868.739862,0.10327786436103092
23.4303145,240.791902,56.41829995,68.85925647,1286.218576,0.09895118145253488
24.8357727,80.20466148,19.91944742,62.19750013,1531.902786,0.09346740951506319
13.40766425,208.8307357,27.99932389,27.08371212,240.97988380000004,0.10004496305735451
20.71775985,134.1251636,27.78772929,45.33540994,889.2412453,0.10290018779780313
18.7221964,235.9372294,44.17263147,48.18583438,656.1959566,0.104424532378515
14.164484220000002,187.3981914,26.54398725,26.6443264,284.1506303,0.1013854523634012
21.05924635,79.4330886,16.72800981,44.85037792,933.9541167,0.10223355211063305
15.51827444,56.494915590000005,8.767036043000001,24.26199758,373.70299179999995,0.10362861840286312
20.70109114,75.12444835,15.55158052,43.277496,887.1089268,0.1026887223406282
14.0021869,192.5379554,26.95952437,26.74367221,274.49153880000006,0.10111326064279577
27.99885074,52.108362819999996,14.58974273,78.53505314,2194.926989,0.07975136283424125
16.7620565,145.6529,24.4144214,31.18664618,470.93648369999994,0.10410831438586111
22.20669205,160.6106647,35.66631571,53.45679547,1095.068736,0.10083905840552924
12.43865975,212.4535164,26.42637003,25.06143306,192.40612600000009,0.09822778252482216
22.60034385,139.3189701,31.48656628,53.78170414,1154.350879,0.09993604714344181
15.44080679,51.09733905,7.889841395999998,23.97526341,368.1348103,0.10359268391026466
29.13063181,93.75643592,27.31184214,85.68351527,2471.9983,0.07422726377245038
17.88308532,59.51085865,10.642377630000002,32.19123428,571.9060047,0.1044819251616381
22.14813113,246.190481,54.52659057,63.9755155,1086.393179,0.10151244534071531
14.31626731,177.684467,25.43778326,26.10536407,293.3882148,0.101661035806999
27.22952406,50.384005540000004,13.71932491,74.27260026,2018.9222999999997,0.08352906807236266
26.08665836,57.7058389,15.05352505,68.24353281,1775.229626,0.08862403910896895
14.91270625,95.10440662,14.182640790000002,23.099085669999997,331.63285110000004,0.10287529464514221
28.22097016,205.7711043,58.07060194,88.35502379,2247.541072,0.08108881022739546
10.80310044,129.8038371,14.022838899999998,13.857767450000004,126.06287269999984,0.0956329273760299
25.05146241,151.0725021,37.84587108,66.20548963,1572.146256,0.09352631019744971
19.15737571,224.5017551,43.00864469,48.0156259,703.0349503,0.10430966573640722
26.70918789,228.2485854,60.96334353,83.22923344,1905.329865,0.08836600159721085
19.30971935,135.5676427,26.17773133,39.77806768,719.9739765,0.10408691863901665
11.31164191,202.0318955,22.85312457,21.04163729,144.6953095,0.09594126008751121
14.53091065,96.83516185,14.071030839999999,22.022764440000003,306.8069712,0.1024403230916064
29.88749669,85.03727991,25.41551422,89.94117926,2669.730647,0.0694746142324292
16.68355206,245.2588573,40.91788913,42.58687892,464.3113528,0.10383697791396264
13.20610434,177.6402021,23.45935044,23.045740760000005,230.28447760000017,0.09994636984653028
26.11661652,181.4574925,47.39055747,74.18258431,1781.323137,0.09008832108495805
10.90139655,225.5675762,24.59001596,23.36108793,129.50180280000006,0.09471895516186574
11.32817503,55.406880400000006,6.276588390000001,13.002849769999997,145.36862429999996,0.09763895966218131
15.95037559,107.1776776,17.09524212,26.67260397,405.7891664,0.10373748583738955
10.94801949,193.8340033,21.22098447,19.26857076,131.1844384000001,0.09519981008672226
29.91425368,140.9246381,42.15655374,92.2849859,2676.8947419999995,0.07036635812528606
23.82257772,238.5737919,56.834427,70.3305338,1351.910601,0.09799111276275829
20.39172882,140.1148993,28.57185029,44.33302204,847.9145458,0.1032732051307828
26.1033278,75.40644361,19.68359116,68.56714319,1778.63258,0.0887807381067477
23.24973601,231.4600532,53.81385135,66.45520694,1256.711429,0.09927646042302417
13.46529907,51.02335450999999,6.870447282000001,18.26426123,244.14249610000002,0.1013773301661312
14.39267599,201.7526989,29.03761227,28.92708465,298.1023157000001,0.10161825113187525
27.35388571,51.66753163999999,14.133077560000002,74.96143459,2046.7109720000003,0.08295706871881113
16.73922654,142.6430093,23.87733647,30.92253182,469.0156344999999,0.10410440773363235
18.95280685,91.10933999,17.26777723,36.67717936,680.7933657,0.10420280966620135
17.82271424,240.3325708,42.83378732,45.64646219,566.0792307,0.10437205447335424
11.04059624,129.3480992,14.28080138,14.35359063,134.56235789999994,0.09616911935503869
24.09147435,56.19056483,13.537135510000002,58.21732856,1398.263932,0.09554798782538539
20.80148162,205.3588747,42.71768856,51.93061312,900.0413433,0.10310742085828004
23.52280164,113.3167897,26.65528367,56.787286,1301.555987,0.09761831128037668
15.56462779,177.891668,27.688176,29.85522493,377.03335159999995,0.10312548088120814
18.13827817,131.0456105,23.76941736,35.15015347,596.7269818,0.10442817767982841
13.85299525,137.7028183,19.07596488,21.80167768,265.82760440000004,0.10127523051838054
18.39365263,102.7592885,18.90118658,34.91772947,622.2953731,0.104395067608216
23.06982824,207.6665217,47.90830986,62.17739602,1227.772294,0.09947114624220335
28.89378086,142.744098,41.24416688,86.39359352,2412.178574,0.07643649275751048
23.269144,57.92349928,13.478302449999997,54.33964721,1259.911573,0.0978015375496755
20.5031946,238.9534339,48.99308756,55.68203973,861.8582232,0.10354366205090729
18.32734445,149.3841567,27.37814896,36.92275647,615.5777062,0.10441209091040157
12.11099369,147.1943895,17.82670322,17.85675816,177.61774830000002,0.09820815296317956
19.54148594,119.2901311,23.31106419,39.88448198,746.2158538,0.10391810944912183
13.102161860000002,177.0295671,23.19470043,22.71467694,224.8890781,0.099772136350601
21.64374366,130.3085212,28.20364229,49.05784314,1013.88774,0.10161326840106248
24.60494155,199.8958699,49.18426194,68.52782577,1489.550951,0.09545944742817875
28.92991223,225.3165147,65.18386996,95.13274551,2421.208792,0.07769020402184403
15.93705735,147.946293,23.57828556,28.63724379,404.7631083,0.10357236606181877
17.93811078,180.510465,32.38016717,38.05933986,577.1724431,0.10441007124586364
13.65903879,109.1073986,14.903021889999998,19.95579485,254.82388170000002,0.10120367983712135
27.5588102,175.0805596,48.25011911,81.31558177,2093.027964,0.08383341858752087
26.48154449,177.0478787,46.88501277,75.67695405,1857.0457459999998,0.08858558333925184
25.49919789,152.394985,38.8594988,68.56016572,1657.95781,0.09200887538148052
11.14580077,81.96921159,9.136125017999998,12.973634650000001,138.45630990000006,0.09695442843629586
21.13438884,195.0619734,41.22515593,52.08818602,943.9556173,0.10267297470552972
14.70027124,113.9328219,16.74843386,23.088723860000005,317.65690340000003,0.1025339296777708
12.39370393,127.6429581,15.81969032,17.4400413,190.35582980000004,0.09893983846547451
25.632262,220.3087704,56.47012126,76.39418197,1684.024029,0.0923640631767923
14.2316275,186.2250108,26.50284986,26.71215982,288.21159550000004,0.10148882414624794
20.01623396,66.53417942,13.31763702,40.35949552,801.9452307,0.10341103438209143
20.52192697,163.0758177,33.46630021,46.45174166,864.2533067,0.10322587829475657
14.26564008,67.38402288,9.612762176,20.65681303,290.31334219999997,0.10231360139266404
19.84522333,179.0912981,35.54106806,45.12740821,781.5380896,0.10385635580047596
11.05639795,128.9304624,14.25506501,14.367612909999998,135.1411369000001,0.09620886737536961
10.00144899,212.5997914,21.2630597,19.61212629,99.99827741000001,0.09263869911776518
27.60643863,206.0357637,56.87913666,84.95791519,2103.886901,0.08408810547993363
18.31177404,249.9416758,45.7687549,49.14617361,613.969893,0.10444932064593763
28.14839598,109.8340546,30.91652459,80.55820488,2230.275977,0.07989545937009736
19.92614719,85.01575915,16.94036531,40.31960084,791.1631208,0.10354253343248668
18.62216589,87.06364768,16.2131369,35.33845556,645.7813162,0.10432923588871908
15.91824281,169.7837973,27.02659712,30.23332448,403.32425120000005,0.10347577863016519
11.63377875,116.9088302,13.60091465,15.132352650000001,157.44348750000006,0.09756938516050621
16.19389299,231.370966,37.46796663,38.61008877,424.6186312,0.10350027124249436
22.1694053,65.87125014,14.60326442,49.43406993,1089.583205,0.10030593836912771
25.25572694,202.9633624,51.2598726,72.14607277,1610.899752,0.09344227929916395
20.81651035,147.942129,30.7963886,46.570701,902.0139263,0.10284210082816593
25.16511687,177.4866872,44.66473227,68.91941189,1593.632839,0.09344856832262292
13.155031830000002,167.5648489,22.04320922,22.010368490000005,227.62614459999998,0.09994130672128997
21.66479863,156.0517208,33.80829107,50.73654327,1016.842219,0.10172372917454742
27.65206454,189.669471,52.44752453,83.28693328,2114.34229,0.08361834275476827
14.35920415,159.1412678,22.85141953,24.64907708,296.04242899999997,0.10183570733805383
14.55337877,234.4943395,34.12684942,34.07436319,308.18678779999993,0.10165082731294776
24.96865026,160.3355172,40.03361453,66.46517138,1556.603584,0.09390000296509887
26.2411357,233.9331465,61.38671441,81.66164551,1806.902539,0.09030492423232483
14.96092659,211.2670155,31.60750311,31.812572,334.82477570000003,0.10230835355241369
16.63139608,219.5095714,36.50750625,38.23728196,459.9817790000001,0.10385844818746934
22.63538801,229.4574948,51.93859427,63.31718638,1159.695878,0.10052670398051212
17.96863426,90.51128457000002,16.26364169,33.02867666,580.1483676,0.10445465057526768
22.4802194,118.5109236,26.64151564,52.20049328,1136.046917,0.10003423575221827
19.92860064,229.8747905,45.81082898,51.86205242,791.4097854,0.10395011328573558
25.47302618,79.8429583,20.33841767,65.396497,1652.874772,0.09124976716099124
26.91777294,148.0289784,39.8461043,75.7003466,1950.34974,0.08634269075524548
27.27654419,70.94970966,19.3526289,74.75813727,2029.396756,0.08360628752903715
22.23050155,80.50936132,17.89763482,49.94136207,1098.614233,0.10027881206264048
22.25168209,167.7778572,37.33339539,54.23658317,1101.735754,0.10080461380937177
18.99293798,129.2203031,24.54273202,38.23087528,685.1187692,0.10422721135179136
10.5522809,134.7384251,14.2179771,13.581164299999998,117.48216049999996,0.0949956790844105
15.98360439,151.6262904,24.2353464,29.03353,408.3191164,0.10359524178902293
11.27395437,182.1455824,20.53500985,18.7532511,143.26109100000008,0.0960785402155918
18.75570498,149.8658949,28.10840511,38.54360291,659.7591076,0.10433011357512273
26.98970498,118.3544778,31.94352439,74.50230126,1966.03533,0.08560358247644742
21.93604035,88.56169494,19.42692914,48.81359141,1055.53219,0.10088031767432845
23.51065197,142.8946275,33.59545855,58.19282306,1299.532646,0.09790251645997483
13.760159439999999,125.1106057,17.21541881,20.892512999999997,260.5219412,0.10123175200061363
15.23906299,213.0890484,32.47277431,32.89862627,353.84989140000005,0.10262745731833871
13.26264306,53.0594371,7.037083752000001,17.73914853,233.28402689999984,0.10106507094212104
26.85377525,164.0795574,44.06155557,76.52989094,1936.466603,0.08684774069287401
15.60626026,173.691853,27.10680263,29.59562109,380.0686635999999,0.10318301052896926
21.24652619,247.5793088,52.6020027,60.31698856,959.0385018,0.10280620547272874
12.822572260000001,227.0728435,29.11657944,28.15018321,210.77506729999982,0.0988438590407857
12.47977817,153.5134545,19.15813858,19.19224282,194.34256779999998,0.0988547628534823
16.95166726,107.7030905,18.25746954,29.98525338,487.1098544,0.10427658079724506
16.60706316,52.036999820000005,8.641817428,27.72036304,458.011038,0.10428920172306289
16.57706468,98.15615569,16.27140941,28.42560566,455.5265664,0.10414365965307547
22.01865574,219.4870778,48.32810405,59.05581726,1067.462937,0.1015455429479493
16.31980312,244.6512484,39.92660207,41.2770103,434.59521159999997,0.10356661658934171
25.37471738,190.2108483,48.26546519,71.26948843,1633.781688,0.09289089324984452
11.81341536,170.7708416,20.17386885,18.93581373,164.8350613,0.09736584069333828
16.49571715,171.2468263,28.24839211,32.23276306,448.8334639000001,0.10389320238511125
23.38386257,179.9815258,42.08663265,60.51070736,1278.608971,0.09852870509899823
22.05864221,50.35782373000001,11.10825216,48.78607254,1073.33503,0.10042509582879336
12.39031237,123.9916808,15.36295656,17.25822433,190.20050400000002,0.09896866050093855
18.78946986,115.8557644,21.76868394,36.85949851,663.3378712,0.1042911177460186
16.18442926,245.5866378,39.74679566,41.00559199,423.8677494,0.10345068317167892
22.63740865,50.145339809999996,11.35160549,51.37132024,1160.056631,0.09923109251713112
12.59740559,197.2689434,24.85076891,23.546190799999998,199.8751439,0.09867520066264111
23.41131846,131.0573823,30.68226115,57.06002971,1283.133384,0.0980478932404451
19.27665063,62.95207490999999,12.13505154,37.40840272,716.2956699,0.10399034631952964
15.49779976,122.1905722,18.9368502,25.84255046,372.21400959999994,0.10330835556078732
24.94887987,75.56976203,18.85380915,62.67622365,1552.928852,0.09304084687863691
13.758197110000001,57.4719927,7.907110036999999,19.11863047,260.42284129999996,0.10173400276180174
13.04475877,186.6906125,24.35334004,23.52337289,221.94223829999999,0.0995912464010794
10.30711873,54.93691480999999,5.662413037,10.78947281,109.49640640000007,0.0954628175487073
27.22600713,52.39282080000001,14.26447313,74.2693651,2018.13991,0.08357470664286233
19.84731081,135.1968049,26.83293008,41.86272566,781.7985475,0.10373744416817902
20.33431219,76.11306998,15.47706926,41.7893634,840.7859934,0.10311728148991044
12.29525233,139.2255231,17.11812938,17.81603521,185.85191710000004,0.09864288809500629
12.15552272,123.2068636,14.976438300000002,16.645944980000003,179.5908521,0.09853453146823654
16.6756681,70.45547061,11.74892044,28.15752973,463.70852350000007,0.10426453505785183
20.32461288,177.9414352,36.16590786,46.943176,839.5575442,0.10347008830168294
24.01744438,179.9444373,43.21805514,63.51036443,1385.384201,0.09692438958063132
19.98540713,178.9355807,35.7610043,45.67079887,798.2181151,0.1037545792199091
26.63116862,222.926002,59.36779949999999,82.00044534,1888.68376,0.08861040043076522
17.54784663,51.354748150000006,9.011652445,30.92813055,540.3428021,0.10449653970063018
10.56175984,55.5470042,5.866741180999998,11.32646569,117.81415970000012,0.09602201278984901
18.5230455,154.6330572,28.64275154,38.00781162,635.5077342,0.10438627639779789
11.70005259,143.2031056,16.75483866,16.625807679999998,160.1429524,0.09742170433854451
16.44108855,248.1134951,40.79255942,42.30488205,444.3565056,0.10365395565732671
29.70309366,121.5072139,36.09140156,90.02131019,2620.611288,0.07130819767845524
27.14708514,127.8208389,34.69963196,75.78478137,2000.626736,0.08503147822596138
14.72911426,217.1412738,31.98298634,31.93296403,319.4962806,0.10198404133030825
17.51924863,174.6184357,30.59183789,36.0168024,537.6774218,0.10434017528117345
18.62330262,64.2150242,11.958958280000001,34.94753515,645.9030399,0.10431864015061565
25.27736755,61.53185897,15.55363415,64.1275011,1615.08176,0.09174619900843234
10.66914256,155.7103606,16.61296035,15.158369530000002,121.4232472000001,0.09500700851781016
10.7724554,129.3544704,13.93465263,13.769013430000001,124.99308289999999,0.09556896217235256
12.34235735,197.0862663,24.32509127,22.88879962,187.97695809999982,0.09817987088433432
22.56649965,175.6124369,39.62957996,56.34053044,1149.161174,0.10026320540101119
18.29093234,50.06130744000001,9.156679874999998,33.58128097,611.9356451,0.10441921720233527
26.97851258,53.37553147,14.399924470000002,72.93607816,1963.6015899999998,0.08473559633024036
15.6811578,217.9428973,34.17596965,34.9419639,385.55014859999994,0.10307718885017988
19.7850406,82.91703602,16.40516924,39.71485724,774.4742483,0.10365757605411521
24.13571443,163.9191035,39.56304672,62.65769095,1405.957447,0.09644562778499723
20.90402394,238.099362,49.77234763,57.19598553,913.4036198,0.10314837354337682
16.33599956,243.3213289,39.74897121,41.0923929,435.89125320000005,0.10358325257916257
